Número,Nombre completo,Partido,Trabajó con Petro,Es cercano a Samuel Moreno,Tiene un vínculo directo o indirecto con el carrusel de la contratación,Tiene padrino político,Fue candidato presidencial,Es concejal,Fue concejal,Es víctima,Ha ocupado cargos públicos,Ha estado en más de dos partidos,Tiene maquinaria ,Es delfín,Es mujer,Es cabeza de lista,perfilito,Link foto
85,Aída Avella,UP,,,,,,,si,si,si,,si,,si,si,"La ex fórmula vicepresidencial de Clara López se lanzó como cabeza de lista de la resucitada UP que recuperó su personería jurídica en 2013. Antes había hecho campaña como candidata a la Presidencia. Además de ser una veterana del partido, es una líder sindical con amplio reconocimiento en los sectores de izquierda, fue dos veces concejal de Bogotá después de la Constituyente, hasta que abandonó el país cuando le hicieron un atentado con una bazuca en la autopista norte de Bogotá. Además, viene de hacer campaña a la Presidencia con Clara López, y sacar la segunda votación en Bogotá en la primera vuelta con 500.603 votos. Y de ser una de las víctimas que viajó a La Habana el año pasado para reunirse con los equipos negociadores de la paz.",http://lasillavacia.com/archivos/historias/concejobogota2015/85.jpg
82,Alejandro Rivera,Polo,,,,si,,,,,si,,si,,,,"Es el candidato de Marcha Patriótica al Concejo. Es abogado de Universidad Libre, profesor de partidos políticos en la Udca y es actual edil del Polo en Engativá.",http://lasillavacia.com/archivos/historias/concejobogota2015/82.jpg
94,Álvaro Acevedo,Liberal,,,,,,,,,,,si,,,,"Líder comunitario de Rafael Uribe Uribe. Se ha lanzado las dos últimas veces al Concejo y las dos se ha quemado, pero solo le han hecho falta unos tres mil votos que en estas elecciones parece que puede lograr. ",http://lasillavacia.com/archivos/historias/concejobogota2015/94.jpg
75,Álvaro Argote Muñoz,Polo,,si,,,,si,,,si,,,,,,"Es educador y sindicalista, concejal desde el 2003, muy cercano a Jaime Dussán. Llegó al Concejo tras quemarse cuando intentó llegar a la Cámara en 2002. Gracias a su liderazgo entre los maestros, hace cuatro años sacó 11 mil votos y este año quiere lograr su cuarto período en el Concejo. Fue uno de los que acompañó a Samuel Moreno durante su gobierno en la coalición que armó el Alcalde en el Concejo. ",http://lasillavacia.com/archivos/historias/concejobogota2015/75.jpg
100,Alvaro Mejía Bravo,Cambio Radical,,,,,,,si,,si,,,,,,Ex concejal por Cambio Radical en el 2004 y 2007. Hace cuatro años intentó reelegirse pero se quemó con 7.300 votos.,http://lasillavacia.com/archivos/historias/concejobogota2015/100.jpg
110,Andrés Alvarado Pérez,Conservador,,,,,,,,,si,,,,,,"Politólogo de la Universidad del Rosario. En 2004, fue asistente de asuntos comunitarios en Acnur y luego, fue asesor de la ex representante a la Cámara, Sandra Ceballos y acompañó la campaña del concejal Javier Palacios de La U en 2011, y hasta el 2013. También ha sido asesor del Ministerio de Ambiente.",http://lasillavacia.com/archivos/historias/concejobogota2015/110.jpg
5,Andrés Forero,Centro Democrático,,,,si,,,,,,,,,,,"Economista de la Universidad Católica de Chile. Llegó al país hace tres años y desde entonces se dedicó a trabajar en el sector privado como empresario. Es de un empresario reconocido en el sector de tubos de pvc. Es columnista, cofundador y subdirector de la revista digital La Otra Esquina de la hoy senadora Paloma Valencia. El año pasado aspiró a la Cámara por el Centro Democrático en Bogotá, en el puesto octavo, pero se quemó.",http://lasillavacia.com/archivos/historias/concejobogota2015/5.jpg
92,Andrés Giovanni Barrios,Liberal,,,,si,,,,,,,si,,,,"Es pastor cristiano, del grupo político de la senadora Viviane Morales. Su papá Alfredo Barrios es el Presidente del Centro Cristiano Empresarial Fe en Acción. ",http://lasillavacia.com/archivos/historias/concejobogota2015/92.jpg
90,Andrés Jiménez,La U,,,,si,,,,,si,,,,,,"Abogado y líder popular que se quemó en las elecciones al Concejo del 2003 con 1.703 votos y otra vez se quemó en el 2011 con 5.300 votos. Jiménez contruyó redes de apoyo en Kennedy y Usáquen ayudando a los vecinos con denuncias penales y defendiéndolos cuando van ser expropiados de sus lotes de invasión que ha ayudado a legalizar como contó La Silla. Es el candidato del ex representante a la Cámara, Wilson Gómez, quien se quemó el año pasado tratando de reelegirse y ya sin su padrino (porque ya no trabajan juntos), el ex concejal Hipólito Moreno, condenado por el carrusel de contratación que se robó Bogotá. Jiménez es amigo personal de Gómez y trabajó con él en su UTL en el Congreso. Además, según una fuente de La U, también tendría el apoyo del senador Roy Barreras. ",http://lasillavacia.com/archivos/historias/concejobogota2015/90.jpg
2,Angela Garzón Caicedo,Centro Democrático,,si,,si,,,,,si,,,si,si,,"La hija del ex vicepresidente Angelino Garzón, trabajó en la Alcaldía de Samuel Moreno como subdirectora de Proyección Internacional en la Dirección Distrital de Relaciones Internacionales. Además, fue secretaria de participación social del Partido Liberal, gerente nacional del Comité Social de la reelección de Santos, directora de los programas de equidad de género de los tres partidos de la Unidad Nacional e incluso sonó como candidata roja a la Cámara.",http://lasillavacia.com/archivos/historias/concejobogota2015/2.jpg
53,Angélica Marín,Alianza Verde,,,,,,,,,si,,si,,si,,"Tres veces edil de Chapinero, primero en el Polo pero después en los verdes. Ahora quiere dar el brinco al Concejo. ",http://lasillavacia.com/archivos/historias/concejobogota2015/53.jpg
93,Ángelo Gravier,Liberal,,,,,,,,,si,,si,,,,"Es actual edil de Kennedy que hace cuatro años sacó la primera votación del partido. Tiene el respaldo del ex representante a la Cámara cristiano, Orlando Velandia, que se quemó en el 2014 intentando brincar al Senado. ",http://lasillavacia.com/archivos/historias/concejobogota2015/93.jpg
37,Antonio Sanguino Paéz,Alianza Verde,,,si,,,si,,,si,,,,,si,"Ex precandidato verde a la Alcaldía de Bogotá que perdió la consulta verde que dejó como ganador a Carlos Vicente de Roux. Repite en el primer puesto con el que hace cuatro años sacó más 18 mil votos y fue el segundo más votado de la lista del entonces Partido Verde. Esta es la tercera vez que  aspira al Concejo. Como líder de izquierda, su trayectoria política incluye haber militado en el ELN como instigador de luchas populares pero no como combatiente. Además, fue director de la Corporación Nuevo Arcoiris por más de 10 años. Hoy, además, es co-presidente de la Alianza Verde. Es sociólogo y tiene una maestría en desarrollo regional. ",http://lasillavacia.com/archivos/historias/concejobogota2015/37.jpg
116,Arbey Delgado Argote,Opción Ciudadana,,,,,,,,si,si,,,,,,"Ex sargento del Ejército retirado que estuvo secuestrado por las Farc entre 1998 y 2010, uno de los que más tiempo duró en manos de esa guerrilla.  Fue rescatado por el ejército en el sur del Guaviare en la misma operación del General Luis Mendieta. En 2014 aspiró al Senado por Cambio Radical y se retiró para apoyar al opita, Jorge Eduardo Gechem.",http://lasillavacia.com/archivos/historias/concejobogota2015/116.jpg
14,Armando Gutiérrez,Liberal,,si,si,,,si,,,si,,si,,,,"Es concejal actual del partido Liberal que llegó en reemplazó a Jorge Ernesto Salamanca, que renunció cuando fue imputado por haber participado en el Carrusel de la Contratación que se robó Bogotá. Aunque es muy cercano al ex representante Germán Olano y a su hermano Plinio, congresista de La U, esa cercanía no se ha traducido en muchos votos: se ha quemado en las dos últimas elecciones al Concejo (con 10 mil votos en las más recientes), aunque ya había ocupado una curul cuando reemplazó a Ángela Benedetti en febrero de 2011. Es decir, ha llegado las dos veces por rebote. Fue uno de los concejales que hizo parte de la coalición de gobierno de Samuel Moreno. Esta vez vuelve a aspirar, ahora como heredero de Salamanca, quien en 2011 sacó un poco más de 14 mil votos, y eso podría ayudarle a salvar su curul. Es abogado del Externado. ",http://lasillavacia.com/archivos/historias/concejobogota2015/14.jpg
50,Blanca Inés Durán,Alianza Verde,si,,,,,,,,si,,,,si,,"Ex alcaldesa de Chapinero entre 2008 y 2012 y ex directora del Dadep hasta octubre cuando renunció para lanzarse. Aunque al principio sonó para ir por la lista de Progresista de Petro, terminó yendose con el Verde. Es representante de la comunidad LGBTI e ingeniera civil de la Universidad de los Andes. ",http://lasillavacia.com/archivos/historias/concejobogota2015/50.jpg
43,Borys Montesdeoca Anaya,Alianza Verde,si,,,,,si,,,si,,,,,,"Es licenciado en biología y química de la Universidad de Córdoba, con maestría en desarrollo educativo en la Universidad Pedagógica. Fue líder sindical del magisterio en Bogotá y con el apoyo de los maestros llegó al Concejo hace cuatro años con los Progresistas de Petro. Después, se alejó del Alcalde y se quedó en la Alianza Verde donde ahora quiere repetir. ",http://lasillavacia.com/archivos/historias/concejobogota2015/43.jpg
8,Carlos Gabriel Camacho Obregón,Centro Democrático,,,,si,,,,,si,,si,,,,"Ingeniero Civil, Administrador de Empresas, y especialista en finanzas públicas de las universidades Nacional y Javeriana. Dos veces edil de la localidad de Suba por el Partido de La U en los dos últimos períodos pero renunció en junio del 2014 para no inhabilitarse. En el 2011 fue el segundo más votado de esa lista con 4.847 votos",http://lasillavacia.com/archivos/historias/concejobogota2015/8.jpg
46,Carlos Roberto Saenz Vargas,Alianza Verde,si,,,,,si,,,si,,,,,,"Licenciado en Ciencias Sociales del Instituto Karl Marx (Berlín, Alemania). Dos veces concejal en los dos últimos períodos, primero con el Polo y después con Progresistas. Su fuerte son los temas ambientales y, por ejemplo, fue uno de los que denunció a los familiares políticos de Gustavo Petro en la obra del humedal La Conejera. ",http://lasillavacia.com/archivos/historias/concejobogota2015/46.jpg
7,Carolina Villegas de Núbila,Centro Democrático,,si,,,,,,,,,,,si,,"Villegas trabajó con Cristina González, la esposa de Samuel Moreno cuando él era Alcalde. Además, es la hija de Luis Bernardo Villegas, secretario de movilidad de esa alcaldía durante los primeros 11 meses de mandato. Es profesional en gobierno y relaciones exteriores del Externado y fue la coordinadora de la campaña a la presidencia de Zuluaga en Bogotá. Hasta antes de ser candidata, fue la secretaria del Directorio Distrital del uribismo.",http://lasillavacia.com/archivos/historias/concejobogota2015/7.jpg
73,Celio Nieves Herrera,Polo,,si,,,,si,,,si,,si,,,si,"Nieves fue el concejal más votado de esa lista hace cuatro años -cuando contó con el apoyo de los educadores y del ex senador Carlos Guevara-. Es biólogo de la Universidad Pedagógica e hizo un posgrado en planeación para la educación ambiental en la Universidad Santo Tomás. Desde entonces, estuvo vinculado al sector educativo en cargos directivos y tiene entre los maestros su fortín electoral. Durante el Gobierno de Samuel Moreno hizo parte de su coalición de gobierno en el Concejo. ",http://lasillavacia.com/archivos/historias/concejobogota2015/73.jpg
60,César García Vargas,Cambio Radical,,,,,,si,,,si,,si,,,,"Actual concejal, quiere repetir. Es sobrino del concejal liberal, Germán García Zacipa, con quien no tienen buena relación. Es administrador de empresas de la Universidad Nacional. Antes de ser elegido en 2007, fue tres veces edil de Engativá. ",http://lasillavacia.com/archivos/historias/concejobogota2015/60.jpg
4,Daniel Palacios Martínez,Centro Democrático,,,,,,,,,si,,,,,,"Politólogo de la Universidad de la Florida. Trabajó con el ex presidente Álvaro Uribe en el Programa presidencial Colombia Joven y fue el enlace del Congreso en el Ministerio del Interior. Era asistente de María del Rosario Guerra que era quien coordinaba la agenda en las giras de Uribe por el país. Según personas que lo conocen, también es muy cercano a sus hijos Tomás y Jerónimo. El año pasado, Palacios ocupó el renglón 41 de la lista al Senado del Centro Democrático.",http://lasillavacia.com/archivos/historias/concejobogota2015/4.jpg
21,David Ballén,La U,,,si,si,,,,,si,,si,,,,"Ex jefe de la Oficina Jurídica de la Contraloría de Bogotá. Amigo personal del ex concejal Rodríguez, trabajó en su Unidad de Apoyo Normativo (UAN) del Concejo. A mediados de 2013, Ballén tuvo que dejar el cargo en la Contraloría por sus presuntos vínculos con José Juan Rodríguez, después de que en una audiencia de Emilio Tapia, Ballén envió una delegada suya a pedir que la Contraloría Distrital fuera declarada víctima en el caso del carrusel de la contratación que se robó a Bogotá. El contralor Diego Ardila dijo que no sabía de los vínculos de Ballén con Rodríguez y le aceptó la renuncia. Pero, como contó La Silla, la esposa de Ballén, Paula Marcela Castro, ex directora administrativa del Concejo, quedó a cargo de la Unidad de Apoyo del ex concejal en el Concejo. Ahora tiene a 10 ediles trabajando en su campaña. ",http://lasillavacia.com/archivos/historias/concejobogota2015/21.jpg
31,David Racero Mayorca,Progresistas,si,,,,,,,,si,,,,,,"Fue subdirector de juventudes en la Secretaría de Integración de Social hasta octubre cuando se retiró para no inhabilitarse. Es hijo de Jorge Eliecer Racero, que fue director del Ipes en los primeros seis meses del Gobierno de Gustavo Petro. Es filósofo. ",http://lasillavacia.com/archivos/historias/concejobogota2015/31.jpg
38,Diana Alejandra Rodríguez,Alianza Verde,si,,,,,si,,,si,,si,,si,,"Dos veces edil de Kennedy desde el 2004 por el Polo. Llegó al concejo de la mano de Gustavo Petro hace cuatro años, pero se volvió una de sus más duras críticas despues de la fusión de Progresistas con el Partido Verde. Tiene el apoyo de los maestros del Distrito. Es internacionalista de la Universidad Jorge Tadeo Lozano. ",http://lasillavacia.com/archivos/historias/concejobogota2015/38.jpg
9,Diana Diago,Centro Democrático,,,,si,,,,,si,,si,si,si,,"Si Diana es elegida, esta sería la tercera persona de la familia que llega al Cabildo. El primero fue su papá, Leo César Diago que fue concejal entre 1998 y 2003. En 2007, lo reemplazó su esposa y la mamá de Diana, Liliana Guáqueta de Diago, elegida por La U, y que hizo parte de la coalición de Gobierno de Samuel Moreno en el Concejo. Liliana sigue siendo concejal y no ha sido mencionada en la investigación del 'carrusel' de contratación. Desde el año pasado, su papá se acercó al uribismo, lo que explica que ella haya terminado inscrita en la lista. Es abogada de la Universidad Externado con maestría en derecho público y desarrollo de entidades territoriales de la Universidad Panthéon-Assas de París. Además, es socia y directora de la firma de abogados de la familia Diago Abogados Consultores Asociados. Fue asesora de la Secretaría de Gobierno del ex gobernador de Cundinamarca, Andrés González y trabajó como abogada en la Contraloría de Bogotá y en Empresas Públicas de Cundinamarca.",http://lasillavacia.com/archivos/historias/concejobogota2015/9.jpg
52,Diego Andrés Cancino,Alianza Verde,,,,si,,,,,,,,,,,"Es de la cuerda del ex alcalde de Antanas Mockus con quien ha trabajado en la campaña a la presidencia en el 2006, luego estuvo en Corpovisionarios entre 2007 y 2010 y ese año se fue a la campaña presidencial de Mockus como asistente personal. Estudió filosofía en la Universidad Nacional. ",http://lasillavacia.com/archivos/historias/concejobogota2015/52.jpg
3,Diego Fernando Devia,Centro Democrático,,,,si,,,,,,,si,,,,"Pastor de la iglesia cristiana Misión Carismática, liderada por el pastor César Castellanos y que tiene más de 60 mil feligreses en Bogotá. Es teólogo y músico y casi toda su carrera la ha hecho en la organización de la familia Castellanos que hoy tienen un senador, Orlando Catañeda y una representante a la Cámara, Esperanza Pinzón de Jiménez.",http://lasillavacia.com/archivos/historias/concejobogota2015/3.jpg
49,Diego Laserna Arias,Alianza Verde,,,,,,,,,si,,,si,,,"Politólogo y economista de la Universidad de Columbia en Nueva York y está termiando una maestría en planeación urbana en MIT en Boston. Era una de las cabezas del Combo 2600, un grupo de jóvenes dedicado a estudiar Bogotá. De hecho, las tertulias que hacían con invitados de primer nivel como Gina Parody, eran su casa. Trabajó en el DNP como contratista en la Red Juntos para la superación de la pobreza extrema. Luego pasó a asesorar a Angélica Lozano en el Concejo de Bogotá. Es hijo de Paulo Laserna, ex presidente de Caracol TV y quien sonó como candidato conservador a la Alcaldía. ",http://lasillavacia.com/archivos/historias/concejobogota2015/49.jpg
1,Diego Molano Aponte,Centro Democrático,,,,si,,,,,si,,,,,si,"Molano, de la cuerda de Luis Alfonso Hoyos, es el director programático de la campaña de Pacho Santos a la Alcaldía y la cabeza de lista al Concejo. Es administrador de empresas de la Universidad del Rosario con máster en administración pública de la Universidad de Columbia en Nueva York. Ha sido Director de Desarrollo Sostenible de la Fundación Bavaria. También tiene una larga experiencia en el sector público: Coordinador del Plan Colombia y asesor de la Empresa de Acueducto y Alcantarillado de Bogotá. Además, fue director del Icbf de Santos I y de Acción Social durante el segundo gobierno de Uribe.",http://lasillavacia.com/archivos/historias/concejobogota2015/1.jpg
54,Diego Ramiro García Bejarano,Alianza Verde,si,,,,,si,,,si,,si,,,,"Este ambientalista es líder de varias organizaciones sociales en el sur de Bogotá, especialmente en las zonas rurales y semirurales como las veredas Mochuelo y Quiba. Fue parte de la organización Agenda por Bogotá, donde trabajó cerca de Roberto Saenz. Hace cuatro años sacó 8.705 votos con Progresistas pero se quedó con los verdes con los que quiere repetir en su curul. ",http://lasillavacia.com/archivos/historias/concejobogota2015/54.jpg
77,Donka Atanassova Iakimorra,Polo,si,,,,,,,,si,si,,,si,,"Esta socióloga búlgara, que lleva en Colombia más de veinte años y renunció a su nacionalidad búlgara para lanzarse a la Cámara en el 2014. Viene del Polo Democrático, donde hacía parte del Comité de Ética y fue una de las voces que dijo que el Comité Ejecutivo había expulsado ilegalmente al Partido Comunista de ese partido. Después de que se quemó, entró a la Administración de Gustavo Petro donde fue Directora de Seguridad en la Secretaría de Gobierno pero renunció en octubre para no inhabilitarse. Aunque fue una de las que sonó para integrar la lista Progresistas en Bogotá, terminó inscribiendose en el Polo.",http://lasillavacia.com/archivos/historias/concejobogota2015/77.jpg
44,Edward Anibal Arias Rubio,Alianza Verde,,,,,,si,,,si,,,,,,"Es médico de la Universidad Javeriana con una maestría en administración en negocios de la Universidad de los Andes. Ha sido dos veces concejal en los dos últimos períodos, las dos veces por el Partido Verde. En el 2011, duplicó su votación a más de 18 mil votos. ",http://lasillavacia.com/archivos/historias/concejobogota2015/44.jpg
98,Eliana Sandoval,Alianza Verde,,,,,,,,,,,,,,,"Politóloga y líder de la campaña ""salvemos Transmilenio"". Es miembro de La Silla Cachaca. ",http://lasillavacia.com/archivos/historias/concejobogota2015/82.jpg
103,Fabio Macea Acuña,Cambio Radical,,,,,,,si,,si,,,,,,"Este abogado y politólogo, fue concejal varias veces por el partido Liberal durante los gobiernos de Peñalosa y Mockus. Se lanzó a la Cámara en 2002 y se quemó con 11 mil votos. ",http://lasillavacia.com/archivos/historias/concejobogota2015/103.jpg
36,Fernando Rojas Parra,Asi,,,,,,,,,si,,,,,,"
Politólogo de la Universidad de los Andes con maestrías en gestión urbana en la Universidad Católica del Paraná, en Brasil, y en historia de la Universidad de los Andes. Ha sido profesor de las universidades Javeriana y del Rosario y analista y columnista en diversos medios de comunicación en temas de movilidad. Hasta antes de lanzarse, trabajó como asesor de movilidad en la UAN del concejal Juan Carlos Flórez.",http://lasillavacia.com/archivos/historias/concejobogota2015/36.jpg
67,Fernando Vásquez Bustos,Conservador,,,,,,si,,,si,,,,,,"Ex edil de Usme y candidato al Concejo hace cuatro años por los godos. Se quemó pero llegó al Concejo a reemplazar a Omar Mejía, luego de que fuera imputado por el carrusel de la contratación. ",http://lasillavacia.com/archivos/historias/concejobogota2015/67.jpg
124,Ferney Gustavo Páez,Libres,,,,,,,,,,,si,si,,,"Pastor del Centro de Alabanza, hijo del también pastor Gustavo Páez tuviera el aval del PIN y sacara más de 30 mil votos a la alcaldía en 2011.",http://lasillavacia.com/archivos/historias/concejobogota2015/124.jpg
106,Flavio Maya,Conservador,,,,,,,si,,si,,,,,,"Fue concejal en 2002 con 11.423 votos de una lista en la que el segundo renglón era José Juan Rodríguez, el ex concejal investigado por el carrusel de la contratación.  Ese año estuvo en un lío que investigó la Procuraduría por tráfico de influencias. Antes había sido dirigente sindical de la Asociación Distrital de Educadores (ADE) y de Fecode (de donde fue expulsado) y auditor general de la Aeronáutica Civil. Entre 1984 y 1987, se desempeñó como Personero Delegado para lo penal. Posteriormente estuvo en la secretaría General del Instituto de Fomento Industrial (IFI). En 1997 se lanzó solo por primera vez al Concejo y se quemó. El año pasado se anunció como precandidato a la Alcaldía de Bogotá. ",http://lasillavacia.com/archivos/historias/concejobogota2015/106.jpg
32,Gabriel Benavides,Progresistas,si,,,,,,,,si,,,,,,"Fue jefe de prensa de Progresistas y asesor de la campaña Gustavo Petro y de Antonio Navarro. Después de la campaña trabajó en la formación de Progrsistas. Se inscribió a la Cámara pero no quedó como candidato y por eso, apoyó a Angélica Lozano. Es literato de la Universidad Autónoma. ",http://lasillavacia.com/archivos/historias/concejobogota2015/32.jpg
16,Germán García Maya,Liberal,,,,si,,,,,,,,si,,,"Hijo del actual Concejal también por el liberalismo, Germán García Zacipa, uno de los concejales que hizo parte de la coalición de Gobierno de Samuel Moreno en el Concejo. Tiene 26 años y es abogado de la Universidad del Rosario. Está haciendo campaña con su papá. ",http://lasillavacia.com/archivos/historias/concejobogota2015/16.jpg
19,Germán Ricaurte,Liberal,,,,si,,,,,si,,,si,,,"Actual edil de Chapinero. Es la ficha al Concejo del senador Juan Manuel Galán y la Representante por Bogotá, Clara Rojas. Fue secretario del directorio Liberal distrital. Estudiante de último semestre de economía en la Universidad de Los Andes. Apela al voto de opinión. ",http://lasillavacia.com/archivos/historias/concejobogota2015/19.jpg
114,Gilberto Serpa Mendoza,Opción Ciudadana,,,,,,,,,si,si,,,,,"De origen conservador, fue gobernador del Caquetá por designación en los años 80 del siglo XX. Fue administrador de terrenos de la DNE (por los que terminó peleando con esa entidad), y en 2010 volvió a buscar el aval conservador para la gobernación de Caquetá, pero perdió la consulta frente a Arnulfo Gasca: solo sacó 72 votos. En 2011 fue precandidato del partido Pais al concejo de Bogotá, pero finalmente la lista no fue a las elecciones. En las elecciones al Senado aspiró por Opción Ciudadana pero se retiró en la mitad de la contienda por diferencias con el partido. Es primo del senador Horacio Serpa Uribe.",http://lasillavacia.com/archivos/historias/concejobogota2015/114.jpg
83,Gilma Gómez ,Polo,,,,si,,,,,,,,,si,,"Es educadora y profesora en varios colegios públicos de Bogotá. Es la candidata del colectivo Vamos por los Derechos, en cabeza del senador Iván Cepeda y el Representante a la Cámara, Alirio Uribe.",http://lasillavacia.com/archivos/historias/concejobogota2015/83.jpg
10,Gina Alexandra Erazo Grajales,Centro Democrático,,,,si,,,,,si,si,si,,si,,"Dos veces edil de la localidad de Fontibón, en 2007 y 2011. La primera vez aspiró por el partido Cambio Radical y la segunda por La U. Renunció a su curul en junio del año pasado, para evitar inhabilitarse. Es líder de las juventudes de la Iglesia de Misión Carsimática Internacional.",http://lasillavacia.com/archivos/historias/concejobogota2015/10.jpg
108,Gloria Elsy Díaz,Conservador,,,,,,,,,si,,si,,,,"Se quemó hace cuatro años con 6.700 votos. Fue gerente departamental Contraloría General en Boyacá, edil de Santa Fé en 2007 por Cambio Radical. Estudió gobierno y relaciones internacionales.",http://lasillavacia.com/archivos/historias/concejobogota2015/108.jpg
30,Gloria Eugenia Oramas Bautista,Progresistas,si,,,,,,,,si,,si,,si,,"Edil de Teusaquillo, elegida por Progresistas hace cuatro años y una de las que renunció a la fusión con los verdes. Fue una de las ediles que denunció el carrusel de la contratación junto con el entonces candidato Gustavo Petro. Además, es la ex esposa de Augusto Rodríguez, la mano derecha del alcalde. ",http://lasillavacia.com/archivos/historias/concejobogota2015/30.jpg
26,Gloria Stella Díaz,Mira,,,,,,,si,,si,,si,,si,si,"Después de quemarse en su intento de saltar al Senado el año pasado, la ex representante bogotana del Mira se bajó al Concejo de Bogotá. Es abogada de la Universidad Libre. Llegó a la Cámara por primera vez en el 2006 como primer renglón de una lista cerrada que logró 52 mil votos y repitió en 2010 con 82 mil. Ahora Díaz encabeza la lista al concejo del Mira que cambió de estrategia para estas elecciones. Por primera vez, la lista será abierta y además, están buscando alianzas con otros partidos y van a apoyar a la Alcaldía a Rafael Pardo. La encargada de esos acercamientos fue Díaz.",http://lasillavacia.com/archivos/historias/concejobogota2015/26.jpg
62,Henry Castro,Cambio Radical,,,si,,,,si,,si,,si,,,,"Ex concejal de Bogotá, en 2011 se quemó con casi 11 mil votos y fue uno de los candidatos que hasta última hora estuvo pujando por una curul. Es líder de Corabastos, donde tiene su fortín político. Actualmente está investigado disciplinariamente por la Procuraduría por su participación en el carrusel de contratos. ",http://lasillavacia.com/archivos/historias/concejobogota2015/62.jpg
78,Hermán Redondo ,Polo,,si,,,,,si,,si,,si,,,,"Es médico y fue concejal en el año 2006 cuando reemplazó a Guillermo Fino en su curul después de que resultó condenado por pedir una comisión a cambio de un contrato cuando era gerente del Seguro Social. Luego Redondo fue Director de Desarrollo de Servicios en la Secretaría de Salud entre el 2010 y 2013, cuando el Secretario era el condenado por el carrusel de la contratación, Héctor Zambrano. Y en el último año fue asesor médico de la Defensoría del Pueblo. Es santandereano y cercano al ex alcalde Samuel Moreno. En estas elecciones se inscribió por el Polo y cuenta con el apoyo del saliente concejal, Orlando Santiesteban.",http://lasillavacia.com/archivos/historias/concejobogota2015/78.jpg
29,Hollman Felipe Morris Rincón,Progresistas,si,,,si,,,,,si,,,,,si,"Morris renunció el año pasado a la gerencia de Canal Capital para no inhabilitarse porque quería aspirar a la Alcaldía por el progresismo que todavía se escribe con P de Petro. Sin embargo, tras muchas discusiones y peleas internas con la otra pre candidata, María Mercedes Maldonado, renunció a su candidatura y se quedó con la cabeza de lista al Concejo. Y tuvo que recoger firmas de la mano de Maldonado después de que el acuerdo con el Mais -para que éste avalara a los progresistas- se cayó, al menos en Bogotá. Es novato en la política. Hasta ahora sólo tiene la experiencia de trabajar en la campaña presidencial de Lucho Garzón en el 2002.",http://lasillavacia.com/archivos/historias/concejobogota2015/29.jpg
11,Horacio Jose Serpa,Liberal,,,,si,,si,,,si,,si,,,si,"El hijo del ex gobernador de Santander y senador actual, Horacio Serpa, quiere repetir en el Concejo y está, otra vez, como cabeza de lista. Hace cuatro años logró la segunda mayor votación al Concejo con 26.827 votos, sin embargo, quedó en el promedio en la evaluación de Concejo Cómo Vamos del segundo semestre de 2014: sacó un puntaje de 52.5 por ciento, es decir, logró el lugar 28 entre los 45 concejales. Además de ser concejal en este último período, Serpa fue secretario privado de Rafael Pardo en la candidatura presidencial del 2010. Es administrador de empresas del Cesa. ",http://lasillavacia.com/archivos/historias/concejobogota2015/11.jpg
39,Hosman Martínez Moreno,Alianza Verde,,si,,,,si,,,si,,,,,,"Fue líder estudiantil 'antiencapuchados' en la Universidad Distrital y después llegó a la Jal de Fontibón. Se quemó en su intento de llegar al Concejo en 2007 por el Partido Verde Opción Centro. Fue subdirector local de la Secretaría de Integración Social en Engativá entre 2008 y 2009, durante la Alcaldía de Samuel Moreno, cuando la Secretaria era Mercedes del Carmen Ríos, reconocida amiga del condenado excontratista Julio Gómez e investigada por los mismos hechos. Es actual concejal de la Alianza Verde. Es ingeniero electrónico y abogado y tiene una maestría en economía. ",http://lasillavacia.com/archivos/historias/concejobogota2015/39.jpg
70,Isis Yeri Margarita Caicedo Caicedo,Opción Ciudadana,,,,si,,,,,,,,si,si,si,"La hija de Álvaro Caicedo, ex concejal y representante legal del viejo Pin (hoy Opción Ciudadana), no tiene ninguna trayectoria política. Sin embargo, quedó en el primer lugar de Opción Ciudadana. El ex concejal Caicedo, quien fue cabeza de lista hace cuatro años pero se quemó tratando de reelegirse, es nacionalmente famoso por haber invadido el carril exclusivo del Transmilenio, lo que le valió una suspensión de seis meses y una inhabilidad para ocupar cargos públicos de la Procuraduría. Su hija tiene 21 años y es estudiante universitaria. ",http://lasillavacia.com/archivos/historias/concejobogota2015/70.jpg
28,Jairo Cardozo Salazar,Mira,,,,,,si,,,si,,si,,,,"Hace parte del Mira desde hace una década y allí ha ocupado varios cargos como coordinador jurídico y director distrital. Además, trabajo en la UTL de Alexandra Moreno Piraquive entre 2006 y 2008 y con Gloria Stella Díaz entre 2007 y 2009. Quiere repetir en la curul. Es abogado de la Universidad Católica. ",http://lasillavacia.com/archivos/historias/concejobogota2015/28.jpg
84,Javier Orlando Suárez ,Polo,si,,,,,,,,si,,,,,,"Viene del progresismo de Gustavo Petro, donde fue director del Instituto Distrital de Recreación y Deporte, IDRD. Es esgrimista profesional, economista y tiene un máster en políticas públicas de la Université de Cergy-Pontoise. ",http://lasillavacia.com/archivos/historias/concejobogota2015/84.jpg
23,Javier Palacio,La U,,,si,,,si,,,si,,si,,,,Fue edil de Barrios Unidos. Está investigado por la Procuraduría por el carrusel de la contratación y tiene sus bienes embargados por la Fiscalía por estos mismos hechos. Es abogado de la Sergio Arboleda. ,http://lasillavacia.com/archivos/historias/concejobogota2015/23.jpg
96,Jeffer Vega Bobadilla,Cambio Radical,,si,,si,,,,,si,,,,,,"Durante 72 horas, fue subsecretario de Educacion en junio de 2011, durante la Administración de Samuel Moreno pero se cayó por escándalo de red Alma Máter que denunció y por eso, renunció. Trabajó en la Contraloría de Bogotá y con el actual Ministro de Tics, David Luna, en el Ministerio de Trabajo. Hoy Luna apoya su nombre para llegar al Concejo. Es comunicador social y periodista. ",http://lasillavacia.com/archivos/historias/concejobogota2015/96.jpg
118,Jesús Alberto Gaitán Rondón,Polo,,,,,,,,,si,,si,,,,Se lanzó hace cuatro años al concejo sacó más de 5.000 votos y se quemó. Venía de ser edil de Ciudad Bolívar. ,http://lasillavacia.com/archivos/historias/concejobogota2015/118.jpg
119,Jesús Eduardo Gil Yaya,La U,,,,si,,,,,si,,si,,,,"Edil actual de Kennedy donde sacó más cinco mil votos y fue el más votado de La U y el segundo más votando en esa localidad. Según una fuente de La U, lo apoya el grupo del senador Andrés García Succardi. Ya otro candidato de La U, Hector Anibal Quintero renunció a su aspiración para apoyarlo. ",http://lasillavacia.com/archivos/historias/concejobogota2015/119.jpg
33,Jorge Andrés Charry,Progresistas,si,,,,,,,,si,,,,,,Trabajó en la Secretaría de Desarrollo Económico en la subdirección de ruralidades durante el Gobierno de Gustavo Petro. Es profesor universitario. ,http://lasillavacia.com/archivos/historias/concejobogota2015/33.jpg
13,Jorge Durán Silva,Liberal,,,si,,,si,,,si,,si,,,,"Durán es uno de los 'cacaos' del Concejo: ha ocupando su curul desde 1978, siempre por el Partido Liberal. Ha sido mencionado en el carrusel de la contratación por el contratista preso Emilio Tapia que dijo que Durán Silva era uno de los ""vip"" a los que les daban contratos en distintas secretarías en la ciudad y es uno de los concejales a los que la Procuraduría les reabrió las investigaciones este mes. Hace cuatro años sacó más de 18 mil votos y éste quiere repetir, en lo que sería su período número 15 en el Concejo. ",http://lasillavacia.com/archivos/historias/concejobogota2015/13.jpg
51,Jorge Eduardo Torres Camargo,Alianza Verde,,,,,,,,,si,,,,,,Es mockusiano. Fue el segundo de la lista al Concejo de Juan Carlos Florez hace cuatro años. Ha trabajado en Corpovisionarios y en la Unidad de apoyo Normativo de Florez. ,http://lasillavacia.com/archivos/historias/concejobogota2015/51.jpg
64,Jorge Lozada Valderrama,Cambio Radical,,,,,,si,,,si,,,,,,"Caqueteño. Fue director de Rentas de Cundinamarca, concejal de San Vicente del Caguán y Albania, diputado en el Caquetá y comisionado de paz en ese departamento en el gobierno de Betancur. Después de que su hermano Ricaurte Lozada perdió su investidura como senador en 1994, llegó al concejo de Bogotá como liberal en 1997 y en 2000. En 2003, fue quinto en la lista de Enrique Peñalosa y se quemó pero regresó a reemplazar a Ángel Custodio Cabrera en 2004 y volvió al partido Liberal en 2006. Se quemó en 2007 con ese partido pero regresó hace cuatro años en Cambio Radical con 11 mil votos. Ahora quiere repetir en su curul. ",http://lasillavacia.com/archivos/historias/concejobogota2015/64.jpg
113,Jorge Pastran Pastran,Liberal,,,,,,,si,,si,,,,,,"Ex concejal de Bogotá durante dos períodos en los años 90 que salió bien librado de un escándalo por auxilios en el Concejo de la ciudad. Ahora quiere repetir, después de estar años por fuera de la política. ",http://lasillavacia.com/archivos/historias/concejobogota2015/113.jpg
57,José Arthur Bernal Amorocho,Cambio Radical,,,,,,si,,,si,,,,,,"Fue dirigente sindical en los años 80 y ha hecho su carrera política en Soacha donde fue concejal entre 1990 y 1995 y después entre el 2004 y el 2011. Aunque aspiró a la Alcaldía de ese munciipio en el 2000, inscrito por uno de los Ramírez Vargas (la casa política que dominó el municipio), se quemó. Es cristiano de la iglesia Manantial de Vida Eterna y hermano de Jesus Bernal, el ex congresista del Polo. Tiene su fortín en Bosa. ",http://lasillavacia.com/archivos/historias/concejobogota2015/57.jpg
95,José Castellanos Orjuela,Cambio Radical,,,,si,,,,,,,,,,,"Abogado rosarista, edil de Cambio Radical en Teusaquillo. Fue director de juventudes de Cambio Radical y es el candidato del senador Carlos Fernando Galán. ",http://lasillavacia.com/archivos/historias/concejobogota2015/95.jpg
111,José Yamid Sanmiguel,Liberal,,,,,,,,,si,,si,,,,"Dos veces edil en Suba. Hace cuatro años, sacó la mayor votación del partido en esa localidad.  ",http://lasillavacia.com/archivos/historias/concejobogota2015/111.jpg
69,Josías Fiesco Agudelo,Conservador,,,,si,,,,,,,,,,,"Estuvo en la campaña presidencial de Marta Lucía Ramírez el año pasado en el grupo de jóvenes y es el candidato que Ramírez está apoyando al Concejo. Es caleño y estudiante de Ciencia Política de la Javeriana. Fue ""alcalde de los niños"" en Cali en 2004. ",http://lasillavacia.com/archivos/historias/concejobogota2015/69.jpg
112,Juan Carlos Almonacid,Liberal,,,,,,,,,si,,si,,,,"Es arquitecto y el ex alcalde local de Teusaquillo en 2008. Trabajó con la Contraloría ante el Inscredial (antiguo Instituto de Crédito Territorial) y fue director de construcciones del D.A.S, trabajó con Catastro Distrital y con el Idu. ",http://lasillavacia.com/archivos/historias/concejobogota2015/112.jpg
35,Juan Carlos Flórez ,Asi,,,,,,si,,,si,,,,,si,"El historiador y dos veces concejal de Bogotá. Ha sido profesor de varias universidades, director del departamento de Historia de la Universidad de los Andes, periodista, consultor y blogger de La Silla Vacía. Su paso por la dirección de la sección Bogotá de El Tiempo y por el Concejo de la ciudad y su bagaje académico lo hacen un experto en asuntos urbanos. Ha intentado, sin éxito, ser alcalde de Bogotá y congresista por Compromiso Ciudadano.",http://lasillavacia.com/archivos/historias/concejobogota2015/35.jpg
120,Juan Carlos Mejía Cabezas,La U,,,,si,,,,,,,si,,,,Es cristiano y odontólogo de la Universidad Santo Tomás. Fue director del Ministerio de Profesionales y Empresarios Cristianos. Es el candidato del senador cristiano Jimmy Chamorro al Concejo. ,http://lasillavacia.com/archivos/historias/concejobogota2015/120.jpg
65,Juan Felipe Grillo Carrasco,Cambio Radical,,,,si,,,,,si,,,,,,"Edil de Chapinero entre 2008 y 2011, apoyado por la familia Ríos. Trabajó con Felipe Ríos, que ganó una curul en el concejo en el 2007 con Cambio Radical y es hijo del reconocido empresario Alberto Ríos, dueño de la empresa Servigenerales, que tiene contratos millonarios con el Distrito, principalmente en recolección de basuras. Sus tíos y primos también tienen contratos para la operación de Transmilenio y  el manejo de residuos peligrosos. Es abogado de la Universidad de los Andes y se ha quemado dos veces: hace cuatro años cuando trató de saltar al Concejo y hace un año cuando intentó llegar a la Cámara de Bogotá. ",http://lasillavacia.com/archivos/historias/concejobogota2015/65.jpg
59,Julio César Acosta,Cambio Radical,,,si,,,si,,,si,,si,,,,"Es el hijo del ex gobernador de Arauca, Julio Bernal Acosta, condenado por parapolítica y por el homicidio del registrador de Arauca en 2003. A pesar de que ha sido cuestionado por personas dentro de su partido como Carlos Fernando Galán (que hace cuatro años pidió infructuosamente que le quitaran el aval), Acosta aspira a conservar su curul por tercera vez. Está siendo investigado actualmente por su participación en el carrusel de la contratación por la Procuradurìa y la Fiscalía le embargó bienes por mil 200 millones de pesos en Bogotá dentro del mismo caso. Antes de ser concejal fue jefe de presupuesto de la asociación campesina Comcaja. Es administrador de empresas y tiene una maestría en la misma carrera. ",http://lasillavacia.com/archivos/historias/concejobogota2015/59.jpg
126,Lina Salas,Libres,,,,,,,,,,,si,,si,,Es pastora de la iglesia Fortaleza Internacional.,http://lasillavacia.com/archivos/historias/concejobogota2015/126.jpg
42,Lucía Bastidas Ubaté,Alianza Verde,,,,,,si,,,si,,,,si,,"Esta peñalosista pura sangre llegó al Concejo después de la captura del ex concejal José Juan Rodríguez, investigado por el carrusel de la contratación. Antes, había sido asesora en la Gobernación de Cundinamarca, Comisión Nacional de Televisión, Coordinadora Regional de la Comisión Nacional de Reparación y Reconciliación. Fue parte del gabinete del exalcalde Lucho Garzón como Directora del hoy IDPAC. Viene de ser directora de Democracia, Participación Ciudadana y Acción Comunal del Ministerio del Interior. Es comunicadora social y periodista y tiene una maestría en Ciencia Política. ",http://lasillavacia.com/archivos/historias/concejobogota2015/42.jpg
87,Luis Alfonso Castillo,UP,,,,,,,,si,,,,,,,"Es historiador. Fue víctima del genocidio contra la Unión Patriótica, de la que es miembro, pero sobrevivió. Defensor de derechos humanos y líder de víctimas, al punto que llegó a ser representante en la mesa nacional de víctimas. Es miembro del Móvice, el movimiento de víctimas de crímenes de estado. ",http://lasillavacia.com/archivos/historias/concejobogota2015/87.jpg
125,Luis Andrés Montaño,Libres,,,,,,,,,,,si,,,,Presidente de la Asociación de Ministros Emprendedores y director del programa de televisión “Un café con fe”,http://lasillavacia.com/archivos/historias/concejobogota2015/125.jpg
123,Luis Diofante Lorduy,Libres,,,,,,,,,si,,si,,,si,"Aunque Lorduy fue candidato a la Cámara por el Centro Democrático en el Atlántico, es un viejo militante de la iglesia cristiana Centro Mundial de Avivamiento del candidato a la Alcaldía, Ricardo Arias Mora. Lorduy es profesional con maestría en relaciones internacionales. Trabajo en el Departamento Nacional de Planeacion en gestión de proyectos de cooperación internacional, en la Presidencia de la República como asesor para asuntos de cooperación y agroindustrial y el CORPES de la costa atlántica. Fue director del Plan Colombia en su componente militar con el Ministerio de Defensa con el apoyo del Gobierno de los EEUU y asesor político del despacho de Juan Manuel Santos cuando era Ministro de Defensa.",http://lasillavacia.com/archivos/historias/concejobogota2015/123.jpg
105,Luis Fernando Rosas,Opción Ciudadana,si,,,,,,,,si,si,,,,,"El ex director del Instituto Distrital de Turismo de Bogotá en la Alcaldía de Petro es un candidato tuttifruti. Hace cuatro años aspiró por Aico a la Alcaldía de Bogotá (aunque al final le quitaron el aval), luego entró al distrito como Progresista. Desde el año pasado, intentó llegar al Concejo por el uribismo pero no quedó en la lista y ahora está inscrito por Opción Ciudadana. Es politólogo y comunicador social. ",http://lasillavacia.com/archivos/historias/concejobogota2015/105.jpg
17,Luz Marina Gordillo,Liberal,,,si,si,,,,,,,,si,si,,"La esposa del concejal Darío Fernando Cepeda, que ha sido mencionado dentro del 'carrusel de la contratación' y fue el concejal más votado hace cuatro años en Cambio Radical, hereda los votos de su marido pero por el Partido Liberal. Es psicóloga de la Universidad de la Sabana.  Tiene una fundación de promoción y prevención de consumo de drogas en jóvenes. Esta sería la tercera vez que se aspira a elegirse: ya se había lanzado a la Cámara en 2010 cuando se quemó con 18 mil votos.",http://lasillavacia.com/archivos/historias/concejobogota2015/17.jpg
74,Manuel Sarmiento ,Polo,,,,si,,,,,si,,,,,,"Es abogado del Externado y uno de los fundadores del ""Polo Jóven"". Se vinculó al sindicalismo y ayudor a crear la publicación Tribuna Obrera. Luego, hizo parte de la UTL del senador del Polo, Jorge Enrique Robledo y fue su mano derecha para ganar la demanda de inconstitucionalidad ante la Corte contra la “Ley Lleras” y en debates, como el de Agro Ingreso Seguro, los Tratados de Libre Comercio, el de la corrupción en Saludcoop y la relación del ex embajador Carlos Urrutia en la apropiación de baldíos del Estado. Su campaña tiene el respaldo del Senador Robledo, el Representante a la Cámara, Germán Navas Talero y el ex candidato a la Alcaldía de Bogotá, Aurelio Suárez, entre otros. ",http://lasillavacia.com/archivos/historias/concejobogota2015/74.jpg
71,Marco Fidel Suárez Antonio,Opción Ciudadana,,,,,,si,,,si,,si,,,,"Cristiano, fue jefe de libertad religiosa de Mininterior en 1992. Personero local de Bosa, asesor en el Senado, la Cámara y el Concejo. Fue candidato a la Cámara por Sí Colombia en 2002 y por Convergencia Ciudadana en 2006. Es pastor de la Iglesia Familiar Internacional. Hace cuatro años sacó casi 8 mil votos y fue el único elegido del otrora Pin. Es periodista de la Sabana y politólogo de la Universidad de los Andes. ",http://lasillavacia.com/archivos/historias/concejobogota2015/71.jpg
45,María Clara Name Ramírez,Alianza Verde,,,,,,si,,,si,,,,si,,Es abogada de la Universidad de la Sabana e hija del senador verde barranquillero Iván Name y de la exconcejal María Clara Ramírez. Sobrina y prima en segundo grado de los excongresistas José Name Terán y José David Name. En este último período se convirtió en la presidenta más jóven que ha elegido el Concejo. ,http://lasillavacia.com/archivos/historias/concejobogota2015/45.jpg
41,María Fernanda Rojas Mantilla,Alianza Verde,si,,,,,si,,,si,,,,si,,"Ex directora del Idu, llegó al Concejo en diciembre del 2013 en reemplazo de Angélica Lozano que renunció para lanzarse a la Cámara. Es comunicadora social de la Universidad de La Sabana y tiene una maestría en problemas económicos del Externado. Fue edil de Teusaquillo por el Polo en el 2007.",http://lasillavacia.com/archivos/historias/concejobogota2015/41.jpg
56,María Fernanda Valencia Falquez,Cambio Radical,,,,si,,,,,si,,,,si,,"Esta cartagenera es la candidata que está apoyando el representante a la Cámara y presidente de Cambio Radical, Rodrigo Lara.  En 2010 se lanzó a la Cámara por La U y anunció que de ganar, se desnudaría en Soho. Al final, perdió. Fue presentadora del magazín Panorama y en el 1,2,3 de Canal Uno. También viceministra de Turismo del Gobierno de Ernesto Samper, de quien se considera muy amiga. Después de su fallida campaña dirigió Artesanías de Colombia entre 2010-2011. Es abogada con master en ciencia política de la Javieriana. ",http://lasillavacia.com/archivos/historias/concejobogota2015/82.jpg
12,María Victoria Vargas,Liberal,,si,,,,si,,,si,,si,,si,,"Fue concejal desde 1992 hasta el 2006, cuando renunció para saltar a la Cámara. Entonces se quemó y otra vez se quemó en 2007 tratando de volver al Concejo. Regresó en el 2010, en reemplazo de Gilma Jiménez y fue una de las concejales que hizo parte de la coalición de gobierno de Samuel Moreno durante su administración. En 2011 volvió a quedar elegida con 18.133 votos. Es tía del Representante a la Cámara Liberal, Juan Carlos Losada y abogada de la Universidad del Rosario. ",http://lasillavacia.com/archivos/historias/concejobogota2015/12.jpg
18,Marío Andrés Galán Galán,Liberal,,,,,,,,,,,,,,,"Hijo de Antonio Galán y sobrino de Luis Carlos Galán. Sin embargo, ninguno de sus primos senadores (Juan manuel Galán y Carlos Fernando Galán) lo está apoyando en estas elecciones. Es arquitecto de la Universidad Piloto y tiene una maestría en Restauración del Politécnico de Madrid. ",http://lasillavacia.com/archivos/historias/concejobogota2015/18.jpg
15,Martha Janeth Plata Navas,Liberal,si,,,,,,,,,,,,si,,"Esta santandereana es odontóloga de la Universidad Javeriana. Hace cuatro años fue la jefe de finanzas de la campaña de Gustavo Petro a la Alcaldía de Bogotá y le donó 25 millones de pesos a esa campaña, donde fue una de las fichas claves para conseguir recursos. Es muy cercana al abogado Álex Vernot, amigo personal de Petro y quien para muchos era su asesor a la sombra. No ha ocupado cargos públicos. Cuando Petro ganó la Alcaldía, “la porfueriaron” y el único cargo cercano que obtuvo fue ser suplente de la junta directiva de la ETB en 2012. Fue esposa del ex viceministro de Turismo de Álvaro Uribe, Óscar Rueda García, quien durante las elecciones del año pasado fue secretario general del partido de La U. En junio del 2011 y en pleno escándalo de SaludCoop, Daniel Coronell reveló que en septiembre de 2007 y mientras su esposo era viceministro, Plata era la gerente de una empresa familiar de producción y suministro de polietilenos que era la principal proveedora de esas EPS. Sin embargo, pinta fuerte: tiene vínculos en grupos cristianos, que en Bogotá son electoralmente poderosos. El lío es que son de la iglesia Casa sobre la Roca, a la que pertenence la senadora liberal Viviane Morales, que tiene un candidato propio al Concejo. Y tiene acceso al ciclopoder en Bogotá porque uno de sus hijos es dueño de la bicicletería Tomacorriente.",http://lasillavacia.com/archivos/historias/concejobogota2015/15.jpg
91,Mauricio Molano Camacho,Liberal,,,,,,,,,si,,,,,,"El economista es el heredero de Ponqué Ramo, donde ha sido gerente y ha estado en la junta directiva. Tiene una maestría en Educación de la Universidad Nova en Estados Unidos. Fue gerente de la Empresa de Acueducto de Bogotá por el Nuevo Liberalismo de Luis Carlos Galán. Además, ha sido profesor universitario y columnista de Portafolio y La República.",http://lasillavacia.com/archivos/historias/concejobogota2015/91.jpg
89,Mauricio Rubiano Bello,Liberal,,,,,,,,,,,si,,,,"El Secretario Técnico del Programa País Colombia de la Federación de Sindicatos Nacionales (FNV), la mayor organización sindical de Holanda y asesor de la Confederación de Trabajadores de Colombia, CTC. Por eso, cuenta con el apoyo de varios sindicatos en Bogotá. ",http://lasillavacia.com/archivos/historias/concejobogota2015/89.jpg
58,Milred Casallas de Ángel,Cambio Radical,,,si,si,,,,,,,,,si,,"Es la candidata de Fernando López, el actual concejal de Cambio que sacó 11.477 votos hace cuatro años y es concejal desde 1998. López fue uno de los concejales a quien la Fiscalía le embargó sus bienes dentro de la investigación del carrusel de contratación. Es administradora financiera y ha trabajado en empresas como Jaime Torres & Cia., Federación Nacional de Cafeteros, Cablecentro, Etell/ETB, Conexatel. ",http://lasillavacia.com/archivos/historias/concejobogota2015/58.jpg
22,Nelly Patricia Mosquera,La U,,si,,si,,si,,,si,,si,,si,,"Concejal desde el 2004 cuando llegó a reemplazar a Guillermo Fino, ex director de la Dian condenado.  Durante la administración de Samuel Moreno, Mosquera hizo parte de su coalición de Gobierno en el Concejo. Su base son las madres comunitarias que heredó de su jefe político, el senador Angel Custodio Cabrera. Es administradora de empresas de la Universidad de los Andes. ",http://lasillavacia.com/archivos/historias/concejobogota2015/22.jpg
79,Nelson Castro Rodríguez,Polo,si,,,,,,,,si,,si,,,,"Es el presidente de Sintraserpucol, el sindicato más reciente del Acueducto de Bogotá que tiene entre 2 mil y 3 mil afiliados. Castro tuvo que pedir una licencia no remunerada en el sindicato para poder aspirar. Sin embargo, el otro sindicato del Acueduecto, Sintraemsdes, demandó su aspiración.",http://lasillavacia.com/archivos/historias/concejobogota2015/79.jpg
107,Nelson Cubides,Conservador,,,,si,,,,,si,,,,,,"Es el candidato de la familia Tamayo, el senador Fernando Tamayo y la concejal actual Soledad Tamayo que no va a lanzarse este año y que fue una de las que hizo parte de la coalición de Gobierno de Samuel Moreno en el Concejo. Cubides ha sido su asesor por muchos años. Además es profesor universitario. ",http://lasillavacia.com/archivos/historias/concejobogota2015/107.jpg
34,Nestor García,Progresistas,si,,,,,,,,si,,,,,,Ex secretario de ambiente de Petro. Fue representante a la Cámara por Alianza Democrática y candidato a la alcaldía de Bogotá en 1994 por movimiento 19 de abril. Estuvo en el partido Verde Opción Centro y es muy amigo de Carlos Ramón González y de Petro desde las épocas del M-19. Su hijo Nestor Daniel es candidato a la Gobernación del Quindío. ,http://lasillavacia.com/archivos/historias/concejobogota2015/34.jpg
97,Octavio Rubio Rengifo,Asi,,,,,,,,,,,si,,,,"Abogado y sindicalista, ha sido coordinador de la Confederación General de Trabajadores, CGT, y actual vicepresidente del Comité de Juventud de CSACSI. ",http://lasillavacia.com/archivos/historias/concejobogota2015/97.jpg
47,Olga Lucía Serrano Falla,Alianza Verde,,,,,,,,,si,,si,,si,,"Edil peñalosista de Usaquén desde 1995 y ahora quiere dar el brinco al Concejo. En las elecciones de hace cuatro años, sacó la segunda votación más alta de Bogotá para las Jal. Conoció a Enrique Peñalosa en el Instituto Colombiano de Ahorro y Vivienda cuando ella era jefe de prensa. Es comunicadora social de la Universidad Jorge Tadeo Lozano. Su hija, Carolina Peña, es la ex secretaria privada de Rodrigo Lara, y la quiere reemplazar en la Jal con el aval de Cambio Radical. ",http://lasillavacia.com/archivos/historias/concejobogota2015/47.jpg
27,Olga Victoria Rubio Cortés,Mira,,,,,,si,,,si,,si,,si,,Hace parte del Mira desde que se fundó el partido y este año quiere repetir en el concejo. Se quemó a la Asamblea de Cundinamarca en 2007 y fue cuarto renglón al senado en el 2010. Hace cuatro años fue la cabeza de lista del partido. Es abogada.,http://lasillavacia.com/archivos/historias/concejobogota2015/27.jpg
109,Omar Sanchez Guarín,Conservador,,,,,,,,,si,,,,,,"Ex alcalde de Socotá, Boyacá y director ejecutivo de la Fundación Encuentros Boyacenses que hace festivales de gastronomía y folckor boyacense que tiene acogida entre los boyacenses en Bogotá. ",http://lasillavacia.com/archivos/historias/concejobogota2015/109.jpg
81,Orsinia Polanco,Polo,,,,,,,,,si,,si,,si,,"Líder indígena Wayuu y ex representante a la Cámara elegida en 2006 con casi 30 mil votos por la circunscripción indígena y el aval del Polo. Así se convirtió en la primera indígena que llegó al Congreso. Es licenciada en etnoeducación, hija de un palabrero de La Guajira y quinta entre ocho hermanos, a los que se suman otros 30 medio hermanos. Enseñaba su lengua en las universidades Nacional y Javeriana, de Bogotá. En el 2010 volvió a aspirar a la Cámara por la circunscripción indígena, y aunque su lista sacó más de 50 mil votos, le ganó el voto en blanco y se tuvieron que repetir las elecciones y ella no pudo aspirar. El año pasado lideró el sector indígena en la campaña presidencial de Clara López. ",http://lasillavacia.com/archivos/historias/concejobogota2015/81.jpg
127,Óscar William Florez Ortega,Mais,,,,,,,,,,,,,,si,"Tras el fallido acuerdo con los progresistas, el Mais eligió como cabeza de lista de su partido a Flórez, un campesino y líder social del Putumayo. Aunque en principio sonaron algunos consejeros y líderes indígenas del Mais como Juvenal Arrieta o Luis Fernando Arias, ellos finalmente no pudieron lanzarse por decisión de las autoridades indígenas que decidieron que no podían aspirar a cargos de elección popular.",http://lasillavacia.com/archivos/historias/concejobogota2015/127.jpg
6,Pedro Javier Santiesteban Millan,Centro Democrático,,si,,si,,,,,,,si,,,,"Santiesteban llega al concejo como heredero de la estructura política de su hermano, el tres veces concejal del Polo, Orlando Santiesteban que hizo parte de la coalición de gobierno con la que gobernó el ex exalcalde Samuel Moreno. Orlando, sin embargo, no ha sido mencionado dentro de la investigación del 'carrusel' de contratación. Javier es licenciado en administración educativa de la Universidad Antonio Nariño. Ha dedicado la mayor parte de su carrera a ser rector y docente en los colegios privados de su familia, cinco en total, en Bogotá y Cundinamarca. Los maestros de esos colegios son la base del electorado con la que su hermano, Orlando, que en las dos ultimas elecciones ha mantenido su caudal casi estable con más de 10.000 votos. Además, Pedro Javier aspiró a la Cámara por el Centro Democrático el año pasado en el puesto siete pero se quemó.",http://lasillavacia.com/archivos/historias/concejobogota2015/6.jpg
20,Pedro Rojas Herrera,La U,,si,si,si,,,,,si,,,,,,"Rojas quiere llegar al Concejo heredando la estructura del exconcejal condenado por su participación en el ‘carrusel de la contratación, Andrés Camacho Casado. De hecho, Rojas está usando el mimso logo que usó Casado hace cuatro años. Fue edil de la localidad de Kennedy mientras Camacho Casado era alcalde local. Es abogado especializado en derecho constitucional con experiencia en el sector privado. En el 2010, durante la administración de Samuel Moreno, fue designado coordinador del proyecto Misión Bogotá que en ese entonces atendía a 1023 jóvenes de estratos bajos y recibían capacitaciones en el Sena.",http://lasillavacia.com/archivos/historias/concejobogota2015/20.jpg
121,Ricardo Andrés Correa,La U,,,si,si,,,,,,,,si,,,"El hijo menor del uno de los ""cacaos"" del Concejo, Severo Correa, que ha sido elegido consecutivamente desde 1990, primero como conservador y luego por La U en 2007, y fue uno de los concejales consentidos de la Administración de Samuel Moreno y está investigado por el carrusel de la contratación. Además del apoyo de su papá, Ricardo Andrés cuenta con el de su hermano, el representante a la Cámara, Carlos Correa y de la concejal actual Ximena Toro que este año no buscará la reelección. ",http://lasillavacia.com/archivos/historias/concejobogota2015/121.jpg
99,Ricardo Cañon Díaz,Alianza Verde,,,,,,,,,si,,,,,,"Candidato hace cuatro años al Concejo pero se quemó con casi 7 mil votos, debajo de Lucía Bastidas. Es abogado de la Universidad Libre y tiene una maestría en gobierno municipal del Externado. Trabajó durante 23 años en el IDRD en distintos cargos como abogado. ",http://lasillavacia.com/archivos/historias/concejobogota2015/99.jpg
117,Rigoberto Niño Corredor,Polo,si,,,,,,,,si,,,,,,"El ex subsecretario de gobierno de Guillermo Asprilla en era Petro y secretario encargado en esa Secretaria. Es economista de la  Universidad Nacional del grupo del Instituto de Estudios Urbanos (de donde también salieron Ricardo Bonilla, María Mercedes Maldonado y Gerardo Ardila, ex secretarios de Petro). Fue subdirector del IDPAC y este año, encabezó una de las listas al congreso del Polo.  ",http://lasillavacia.com/archivos/historias/concejobogota2015/117.jpg
55,Roberto Hinestrosa Rey,Cambio Radical,,,,,,si,,,si,,si,,,si,"Aunque sonó como candidato de Cambio Radical a la Alcaldía, decidió repetir en el Concejo después de que en su partido no tuvo mucha acogida su aspiración. Hinestrosa es abogado y decano de la Universidad Externado donde fue fundador de la Facultad de Gobierno y Relaciones internacionales. Es hijo del ex rector de esa universidad, Fernando Hinestrosa. Además ha sido viceministro de Justicia cuando el ministro era Andrés González (entre 1992 y 1994) y después pasó a ser el secretario de despacho de González en la Gobernación de Cundinamarca.",http://lasillavacia.com/archivos/historias/concejobogota2015/55.jpg
102,Rodolfo Rincón Sosa,Cambio Radical,,,,,si,,,,,si,,,,,"Es torero, mejor conocido como ""El Tunjo"". Fue candidato presidencial en 2002 por el Partido Independiente Neutral y en 2010 aspiró al Senado por el Partido  Conservador. También fue candidato a la Alcaldía de Bogotá y se hizo famoso por proponer como solución a la movilidad que los carros tuvieran una hélice en el techo. Es ""abogado empírico"".  ",http://lasillavacia.com/archivos/historias/concejobogota2015/102.jpg
101,Rodrigo Lozano Vila,Cambio Radical,,,,,,,,,,,,,,,"Abogado de la Universidad de los Andes. Luego de haber trabajado en dos firmas fundó Lozano Vila & Asociados en el año 2002, donde se especializa en derecho corporativo y en la asesoría a familias y empresas de familia. Es profesor de derecho comercial en el Cesa. Nunca ha hecho política.",http://lasillavacia.com/archivos/historias/concejobogota2015/101.jpg
66,Roger José Carrillo Campo,Conservador,,,,,,si,,,si,,si,,,si,"Ha sido director de Colpensiones (la parte de pensiones ISS) y director administrativo del Senado en 2004 con apoyo del senador costeño Efraín Cepeda. Fue presidente del ISS pero terminó destituido por un escándalo de corrupción. Hace cuatro años sacó 7.610 votos y se quedó con la tercera curul azul, detrás de Tamayo y Mejía.",http://lasillavacia.com/archivos/historias/concejobogota2015/66.jpg
63,Rolando González García,Cambio Radical,,,,,,,,,si,,si,,,,Actual edil de Chapinero. Es abogado y ha trabajado asesor de la Procuraduría y la Fiscalía y la Registraduría Nacional. ,http://lasillavacia.com/archivos/historias/concejobogota2015/63.jpg
86,Román Vega,UP,,,,,,,,,si,,,,,,Es médico cirujano y miembro de Marcha Patriótica. Fue Secretario de Salud en la Administración de Lucho Garzón y es profesor de administración de la salud de la Javeriana.,http://lasillavacia.com/archivos/historias/concejobogota2015/86.jpg
24,Rubén Torrado,La U,,,,si,,si,,,si,,,,,,"Es de Norte de Santander. Es el concejal del senador Armando Benedetti y del Representante a la Cámara, Efraín Torrado. Con Benedetti, ha trabajado los últimos 17 años primero como su asesor político en el Concejo y después en el Congreso. Aunque se lanzó en el 2011 se quemó y llegó a reemplazar a Felipe Mancera en su curul. ",http://lasillavacia.com/archivos/historias/concejobogota2015/24.jpg
72,Samuel Ángel,Opción Ciudadana,,,,si,,,,,,,,,,,El ex candidato al concejo de la uribista María Fernanda Cabal no logró un buen puesto en la lista del Centro Democrático y pidió pista en el viejo Pin. ,http://lasillavacia.com/archivos/historias/concejobogota2015/72.jpg
25,Sandra Jaramillo ,La U,,si,si,si,,si,,,si,,si,,si,,"Actual concejal que llegó a su curul dspués de que el concejal Orlando Parada, fuera detenido por el carrusel de la contratación. Fue alcaldesa local de Teusaquillo durante la administración de Lucho Garzón, y en la de Samuel Moreno fue asesora del gerente del Fondo de Vigilancia y Seguridad, la entidad del Distrito que maneja los recursos que se invierten en seguridad. En ese cargo fue la mano derecha de Mauricio Solano, quien luego ha quedado enredado por irregularidades en varias contrataciones: le imputaron cargos por la compra de 50 scooters que no se han podido usar, ha sido investigado por un contrato para cámaras de seguridad por más de 40 mil millones de pesos. En la campaña de 2011 Jaramillo era la ficha del entonces concejal Édgar Torrado y de su hermano, el senador Efraín Torrado. Los Torrado son unos de los principales contratistas de alimentación en el Distrito y están entre los concejales señalados como miembros del cartel de la contratación. Es abogada. ",http://lasillavacia.com/archivos/historias/concejobogota2015/25.jpg
61,Sandra Salazar Martínez,Cambio Radical,,,,si,,,,,,,,si,si,,"Es hija de la senadora Rosmery Martínez y sobrina del ex congresista Emilio Martínez Rosales, quien es la cabeza de ese grupo político y de Cambio Radical en el Tolima. Martínez, quien fue condenado por peculado en el 2008 pues permitió que se perdieran 102 millones de pesos en contratos para adquirir papelería cuando era el presidente de la Cámara en 1999, fue inhabilitado de por vida para ejercer cargos públicos. En ese momento Rosmery lo reemplazó en el Capitolio. Salazar ya arrancó campaña y está usando la misma sede política que usó el ahora presidente del partido, Rodrigo Lara, en la campaña del 2014. Es abogada de la corporación universitaria Ideas, ha trabajado en la alta consejería para asuntos políticos de Santos, en el Ministerio del Interior cuando lo lideraba Fernando Carrillo y en la oficina de leyes del Congreso.",http://lasillavacia.com/archivos/historias/concejobogota2015/61.jpg
48,Selma Asprilla Coronada,Alianza Verde,si,,,,,,,,si,,,si,si,,"Es la hermana de Guillermo Asprilla, el ex secretario de salud de Gustavo Petro. Su sobrino es Inti Asprilla, actual representante a la Cámara por Bogotá por Alianza Verde. Fue asesora de la Secretaría de Gobierno cuando Antonio Navarro era el secretario y fue quien apareció en febrero en un video, que reveló La Silla Vacía, pidiéndole al comité de usuarios de Transmilenio que no dejaran de presionar a la Administración por mejoras en el servicio (sin haber llamado a la violencia). Como eso ocurrió pocos días antes de los fuertes desórdenes en Transmilenio del 9 de marzo, los dos hermanos quedaron en el ojo del huracán. Renunció un día antes de que su hermano fuera nombrado en esa secretaría. También fue asesora de la Gerencia General del Acueducto de Bogotá cuando el Gerente era Alberlto Merlano Alcocer, tío de la esposa del Alcalde Gustavo Petro. Además es esposa de Mauricio Katz García, que fue subsecretario de Planeación hasta octubre del año pasado, por lo que se rumoró que también quería lanzarse al concejo. Es ingeniera agrónoma. ",http://lasillavacia.com/archivos/historias/concejobogota2015/48.jpg
88,Silverio Gómez Carmona,La U,,,,,,,,,,,,,,si,"Economista y periodista durante muchos años en la Casa Editorial El Tiempo. Llegó a encabezar la lista de La U después de que se venciera el plazo de inscripción, porque el partido seguía buscando una ""super estrella"" para jalonar el voto de opinión. Es ex presidente de la Cámara de Comercio de Ibagué pero salió sorpresivamente del cargo en diciembre del 2014, tras una pelea por las elecciones de la nueva junta directiva con el entonces presidente de la junta.",http://lasillavacia.com/archivos/historias/concejobogota2015/88.jpg
104,Silverio Montaña Montaña,Cambio Radical / Opción Ciudadana,,,,,,,,,si,si,,,,,"Fue Alcalde de Aquitania, Boyacá entre 2007-2011 con aval conservador. Tras su eleccion, su rival en esa elección armó tal desorden en el pueblo que terminó condenado por la Corte Suprema de Justicia junto con otras siete personas por ""perturbación de certamen electoral"". En 2014, se lanzó a la Cámara por Bogotá por el Conservador y se quemó con casi 3.500 votos pero le ganó al hoy candidato a la Alcaldía por el movimiento Libertario, Daniel Raisbeck. Ahora, aparece inscrito en dos partidos, en su cuenta de Facebook hace como candidato de Opción Ciudadana pero tiene publicaciones elogiosas a Germán Vargas Lleras.  Es abogado.",http://lasillavacia.com/archivos/historias/concejobogota2015/104.jpg
122,Uilfran Benavides,Libres,,,,,,,,,si,,si,,,,"Político cristiano y ex asesor del candidato a la Alcaldía del movimiento Libres, Ricardo Arias, en el en el Fondo Nacional del Ahorro.",http://lasillavacia.com/archivos/historias/concejobogota2015/122.jpg
76,Venus Albeiro Silva,Polo,,,,,,si,,,si,,,,,,"Con su propio movimiento, Opción 7, llegó a la Jal de Bosa en 1998, su fortín. Se quemó en el Concejo en 2000, pero en 2002, llegó a la Cámara donde terminó conformando el Polo Democrático. En 2006 fue reelegido y en 2010 se quemó al tratar de pasar al Senado. Es cercano a Jaime Dussán. Hace cuatro años, obtuvo 10 mil votos. Es literato de la Sabana y abogado de la Corporación Ideas. ",http://lasillavacia.com/archivos/historias/concejobogota2015/76.jpg
115,Victoriona Piñacué Achicué,Opción Ciudadana,,,,,,,si,,si,,,,,,"Ex concejal de Inzá, Cauca. Es uno de los hermanos del ex senador del Polo, Jesús Piñacué Achicué. Fue secretario financiero de la Asi. Es abogado de la Javeriana. ",http://lasillavacia.com/archivos/historias/concejobogota2015/115.jpg
80,Xinia Navarro,Polo,,,,si,,,,,si,,,,si,,"Esta abogada de la Universidad Externado tiene un máster en derecho público de la misma universidad. Fue alcaldesa local de la Candelaria entre 2008 y 2012. En el 2014 fue la gerente nacional de la campaña presidencial Clara López, que hoy la está apoyando para llegar al Concejo. Este año, Xinia fue el primer renglón de la lista número uno del Polo y obtuvo o la votación más alta a nivel nacional con 1.423 votos y ahora es miembro del Comité Ejecutivo del Polo como asesora jurídica del partido.",http://lasillavacia.com/archivos/historias/concejobogota2015/80.jpg
40,Yezid García Abello,Alianza Verde,si,,,,,si,,,si,,,,,,"Fue formador de sindicatos y subsecretario de la CGT. Miembro del consejo directivo del Sena por los trabajadores y dirigente del Partido del Trabajo. También fue miembro ejecutivo del Polo, del que renunció para lanzarse hace cuatro años al concejo con Gustavo Petro. Aunque era uno de los concejales más amigos del Alcalde, terminó quedándose en los verdes tras la fusión con progresistas. Tiene el apoyo de los sindicatos. Es ingeniero civil de la Universidad de los Andes. ",http://lasillavacia.com/archivos/historias/concejobogota2015/40.jpg
68,Yimi Antonio Mejía Báez,Conservador,,,si,si,,,,,,,,si,,,"Hermano del ex concejal Omar Mejía, uno de los 'cacaos' del cabildo a quien le imputaron cargos este año por haber participado en el carrusel de la contratación y tiene embargados bienes por la Fiscalía. Yimi fue candidato a la Cámara en 1998 como segundo renglón de la lista conservadora pero se quemó. ",http://lasillavacia.com/archivos/historias/concejobogota2015/68.jpg