Número,Nombre completo,Partido,Es cercano al charismo,Es opositor al charismo,Tiene padrino político,Ha sido concejal,Ha ocupado cargos de elección o libre nombramiento,Ha estado en más de un partido,Tiene maquinaria propia,Género,Es cabeza de lista,perfilito,Link foto
1,Juan Ospino Acuña,La U,Es cercano al charismo,No es opositor,Tiene padrino político,Ha sido concejal,Ha ocupado cargos de elección o libre nombramiento,Ha estado en más de un partido,Tiene maquinaria propia,Hombre,Es cabeza de lista,"Lleva dos periodos consecutivos siendo concejal de Barranquilla y pretende ser reelegido nuevamente este 25 de octubre. Es la cabeza de lista del Partido de La U. Nació en Mompox, Bolívar y tiene 42 años. Estudió Licenciatura en Ciencias Sociales y Económicas en la Universidad Libre, y es especialista en Estudios y Procesos Pedagógicos de la Corporación Universitaria de la Costa CUC. El dia que inscribió su candidatura al Concejo de Barranquilla, estuvo  acompañado por el senador José David Name Cardozo. Antes de hacer parte del grupo político de Name llegó al Concejo, avalado por Cambio Radical, como uno de los tres 'pelícanos' que puso la administración del alcalde de Barranquilla Guillermo Hoenisgberg. Se les llamó 'pelícanos' a los exmilitantes del Movimiento Ciudadano del exalcalde Bernardo Hoyos. Llegó al Concejo por primera vez gracias a los votos que le puso la Secretaría de Educación: sacó 12 mil en octubre de 2007 . Ha fortalecido su grupo político, que le representa votación, en el suroccidente de Barranquilla. Especialmente en el barrio Las Malvinas.",http://lasillavacia.com/archivos/historias/concejobquilla/1.jpg
1,María Henriquez Quintero ,Cambio Radical,Es cercano al charismo,No es opositor,Tiene padrino político,No ha sido concejal,No ha ocupado cargos públicos,No ha estado en más de un partido,No tiene maquinaria propia,Mujer,Es cabeza de lista,"Esta candidatura representa el continuismo familiar porque Mary de Chahín es esposa del actual concejal conservador charista Edward Chahín, quien no se reeligirá pero se mantendrá presente en esa corporación en cuerpo ajeno de llegar a ganar la curul María Henríquez Quintero. Él actúa como su padrino político y le hereda su votación. Es administradora de Empresas de la Universidad San Martín, con diplomado en negocios internacionales y administración deportiva. Como lo contó La Silla, en la actual Secretaría de Salud circulan planillas para ponerle votos.",http://lasillavacia.com/archivos/historias/concejobquilla/2.jpg
1,Alberto Sánchez Galvis,Polo Democrático,No es cercano al charismo,Es opositor al charismo,No tiene padrino político,Ha sido concejal,No ha ocupado cargos públicos,No ha estado en más de un partido,No tiene maquinaria propia,Hombre,Es cabeza de lista,"Tiene 63 años. Estudió Licenciatura en la Universidad del Atlántico y durante 35 años fue docente escolar. Renunció al magisterio para iniciar su carrera como concejal. Al Concejo de Barranquilla llegó en reemplazo de Rafael Sánchez Anillo, quien renunció en junio de 2014 para dedicarse de lleno a su candidatura a la Alcaldía de Barranquilla. Durante el año y tres meses que lleva en la corporación le ha hecho oposición a la administración de Elsa Noguera. Ahora le apuesta a continuar cuatro años más y espera retener la curul como cabeza de lista del Polo Democrático. ",http://lasillavacia.com/archivos/historias/concejobquilla/3.jpg
1,Carlos Rojano Llinas,Conservador,Es cercano al charismo,No es opositor,Tiene padrino político,Ha sido concejal,Ha ocupado cargos de elección o libre nombramiento,Ha estado en más de un partido,Tiene maquinaria propia,Hombre,Es cabeza de lista,"Es el actual presidente del Concejo de Barranquilla. Ha militado en dos partidos políticos: primero estuvo en el Partido Liberal y luego en las toldas conservadoras, donde se encuentra hoy trabajando como parte del grupo politico del senador y cacique Roberto Gerlein. Tiene 52 años. Es politólogo de la Universidad del Norte de Barranquilla y Especialista en Ciencia y Política de la misma institución. Su gestión como concejal en el periodo actual se ha caracterizado por ser afin a la administración de Elsa Noguera. En las legislativas pasadas fue candidato gerleinista a la Cámara de Representantes, pero no logró la curul.
",http://lasillavacia.com/archivos/historias/concejobquilla/4.jpg
1,Oscar Galán Escalante,Liberal,Es cercano al charismo,No es opositor,Tiene padrino político,Ha sido concejal,Ha ocupado cargos de elección o libre nombramiento,No ha estado en más de un partido,No tiene maquinaria propia,Hombre,Es cabeza de lista,Actual concejal. Fue edil de la localidad suroccidente de Barranquilla durante el periodo 2004-2007. Hizo parte durante tres años del gabinete de la administración de Eduardo Verano en la Gobernación del Atlántico como subsecretario de Participación Comunitaria. Tiene 32 años. Es abogado y especialista de la Universidad Libre. Especialista en Estudios Políticos y Económicos de la Universidad del Norte y Magister en Desarrollo Social de esa misma universidad. Es la cabeza de lista del partido Liberal para estas regionales en Barranquilla y tiene el respaldo del senador Álvaro Ashton.,http://lasillavacia.com/archivos/historias/concejobquilla/5.jpg
1,Allan Paternina Bula,Alianza Verde,No es cercano al charismo,Es opositor al charismo,No tiene padrino político,No ha sido concejal,No ha ocupado cargos públicos,No ha estado en más de un partido,No tiene maquinaria propia,Hombre,Es cabeza de lista,"Tiene 22 años. Es sociólogo de la Universidad del Atlántico y estudia Derecho en esa universidad. El año pasado hizo parte de un grupo de jóvenes que impulsó la presentación de un proyecto de tarifa diferencial para los universitarios de los estratos 1, 2 y 3 que usen Transmetro. La iniciativa fue aprobada por el Concejo de Barranquilla y ya se implementa. Aspira a llegar por primera vez al Concejo como cabeza de lista del Partido Alianza Verde.",http://lasillavacia.com/archivos/historias/concejobquilla/6.jpg
1,Carlos Meisel Vergara,Centro Democrático,Es cercano al charismo,No es opositor,Tiene padrino político,No ha sido concejal,No ha ocupado cargos públicos,No ha estado en más de un partido,No tiene maquinaria propia,Hombre,Es cabeza de lista,"Este joven político hace su primera incursión a la arena política como cabeza de lista del Centro Democrático. Es cantante, abogado y politólogo. Entre sus banderas de campaña están la educación y la seguridad de Barranquilla. Cuenta con el respaldo del senador uribista Jaime Amín.",http://lasillavacia.com/archivos/historias/concejobquilla/7.jpg
1,Daniel Martínez Pedrozo,MAIS,No es cercano al charismo,Es opositor al charismo,No tiene padrino político,No ha sido concejal,No ha ocupado cargos públicos,No ha estado en más de un partido,No tiene maquinaria propia,Hombre,Es cabeza de lista,"Fue uno de los dos empresarios destituidos el año pasado de la junta de la Cámara de Comercio de Barranquilla porque, según una resolución de la Superintendencia de Industria y Comercio, se comprobó que fue elegido en ese cargo mediante una estrategia de pago masivo de afiliaciones con el propósito de direccionar los votos hacia su candidatura. Es ingeniero de alimentos y abogado. Era el segundo en la lista al Concejo del Mais porque quieran encabezaba era Nicolás Petro, hijo del alcalde de Bogotá Gustavo Petro. Al declinar Petro hijo su candidatura pasó a ser la cabeza de lista del Mais en Barranquilla.",http://lasillavacia.com/archivos/historias/concejobquilla/8.jpg
1,Miguel Cantillo Mejia ,ASI,No es cercano al charismo,Es opositor al charismo,No tiene padrino político,No ha sido concejal,No ha ocupado cargos públicos,No ha estado en más de un partido,No tiene maquinaria propia,Hombre,Es cabeza de lista,"Este abogado es egresado de la Universidad Simón Bolívar y es relativamente nuevo en la escena política. Fue presidente comunal de Barrio Abajo y de Montecristo. Además, edil de la comuna norte centro histórico. También es pastor y su candidatura le apuesta a fortalecer la familia. ",http://lasillavacia.com/archivos/historias/concejobquilla/9.jpg
1,Hilario Bustillo Bolívar,AICO,Es cercano al charismo,No es opositor,Tiene padrino político,Ha sido concejal,No ha ocupado cargos públicos,No ha estado en más de un partido,No tiene maquinaria propia,Hombre,Es cabeza de lista,"Actual concejal que debe su presencia en la corporación al apoyo que le brindó en 2011 el grupo político del senador Eduardo Pulgar, quien en estas elecciones tiene como candidata a su hermana Yesenia Pulgar, avalada por los liberales. Bustillo busca su segundo periodo como concejal como cabeza de lista de Aico. Antes fue edil de la localidad Centro Histórico. 
",http://lasillavacia.com/archivos/historias/concejobquilla/10.jpg
10,Hugo Luis Urruchurto,Cambio Radical,Es cercano al charismo,No es opositor,No tiene padrino político,No ha sido concejal,No ha ocupado cargos públicos,No ha estado en más de un partido,No tiene maquinaria propia,Hombre,No es cabeza de lista,"Este locutor y periodista deportivo trabaja en el programa Temprano es más bacano, de la Emisora Olímpica Stereo. Se lanza a la política con el aval de Cambio Radical, partido en el que manda la casa Char, también propietaria de la emisora para la que trabaja. Tres proyectos son su bandera de campaña: la creación de pozos profundos en los estratos bajos, la construcción de coliseos en los parques para que se practiquen más deportes y la edificación de cárceles satelitales para mejorar la seguridad.",http://lasillavacia.com/archivos/historias/concejobquilla/11.jpg
21,Alejandro Munárriz Salcedo,Cambio Radical,Es cercano al charismo,No es opositor,No tiene padrino político,Ha sido concejal,Ha ocupado cargos de elección o libre nombramiento,Ha estado en más de un partido,Tiene maquinaria propia,Hombre,No es cabeza de lista,"Este exconcejal, esposo de la diputada del Atlántico Lourdes López, busca volver a la corporación tras revivir políticamente. En 2006 la Procuraduría lo destituyó e inhabilitó a ejercer cargos públicos durante 15 años por no haberle pagado los parafiscales al Icbf cuando era presidente del Concejo en 2003. También en 2007 la Procuraduría lo sancionó por las ""irregularidades detectadas"" en el millonario cobro vía tutela de las prestaciones sociales y sueldos de más de un centenar de personas que supuestamente laboraron en el Concejo y la Personería de Barranquilla, informó el ente de control. Según el paramilitar Carlos Mario García, alias 'El Médico', pactó cuotas bucrocráticas con las autodefensas.",http://lasillavacia.com/archivos/historias/concejobquilla/12.jpg
20,María Alejandra Llinás Martínez,Cambio Radical,Es cercano al charismo,No es opositor,No tiene padrino político,No ha sido concejal,No ha ocupado cargos públicos,No ha estado en más de un partido,No tiene maquinaria propia,Mujer,No es cabeza de lista,"Esta licenciada en Humanidades y estudiante de Derecho, de 26 años, se lanza al Concejo apostándole a la educación como bandera de campaña. La misma que promueve desde la Fundación Voz y Músculo al Progreso, de la cual es cofundadora. A través de esa organización trabaja educando a la población más necesitada con actividades deportivas y haciendo acompañamiento social.",http://lasillavacia.com/archivos/historias/concejobquilla/13.jpg
7,Jorge Parodi,Centro Democrático,No es cercano al charismo,No es opositor,Tiene padrino político,No ha sido concejal,No ha ocupado cargos públicos,Ha estado en más de un partido,No tiene maquinaria propia,Hombre,No es cabeza de lista,"Este pastor de una iglesia evangélica y catedrático estuvo a punto de convertirse en concejal de Barranquilla este año después de que al concejal de Cambio Radical Aissar Castro el Consejo de Estado le retiró la credencial. Aunque era quien seguia en la lista de concejales que Cambio Radical inscribió en 2011 (obtuvo 4.955 votos), prefirió renunciar a la posibilidad de ingresar al Concejo durante la Convención del Centro Democrático, celebrada en la capital del Atlántico el 23 de mayo pasado, porque dijo sentir pena de haberse hecho elegir con el aval de un partido ""corrupto"" y prefería ser nuevamente candidato con el aval del uribismo. Tiene el respaldo del senador uribista Jaime Amín.",http://lasillavacia.com/archivos/historias/concejobquilla/14.jpg
4,Alfonso Eckardt Martínez Aparicio,Centro Democrático,No es cercano al charismo,No es opositor,Tiene padrino político,No ha sido concejal,No ha ocupado cargos públicos,Ha estado en más de un partido,No tiene maquinaria propia,Hombre,No es cabeza de lista,"El pasado político de este exdiputado del Atlántico generó rechazo el semestre pasado entre los uribistas pura sangre, pero finalmente pudo ingresar al Centro Democrático con el apoyo del senador Jaime Amín. En las regionales pasadas se lanzó a la Asamblea con el aval de La U, pero los 17.924 votos que sacó no le alcanzaron. En las legislativas de 2014 apoyó la candidatura del senador José Name Cardozo. También fue candidato al Senado en 1998 como cabeza de lista del Movimiento Nacional Cívico, del que era su director en aquel momento.",http://lasillavacia.com/archivos/historias/concejobquilla/15.jpg
6,Aisar Castro Bravo,Conservador,No es cercano al charismo,No es opositor,No tiene padrino político,No ha sido concejal,No ha ocupado cargos públicos,No ha estado en más de un partido,No tiene maquinaria propia,Hombre,No es cabeza de lista,"Es hijo del exconcejal de Barranquilla Aissar Castro Reyes, quien perdió su curul este año después de que el Consejo de Estado ratificó que estaba inhabilitado al inscribirse en 2011 en la lista de Cambio Radical porque había celebrado en enero de 2011, como representante legal de una fundación, un contrato con el Icbf del Atlántico. Cuando conoció el fallo del Consejo de Estado, Castro anunció que trabajaría para que su hijo Aisar JR fuera concejal los próximos cuatro años. De allí que en Barranquilla la inscripción de Castro Bravo sea vista como la candidatura con la que Castro Reyes busca regresar al Concejo en cuerpo ajeno. Aunque el charismo eligió a Castro Reyes, hoy está alejado de ese grupo político.",http://lasillavacia.com/archivos/historias/concejobquilla/17.jpg
7,Juan José Vergara,Conservador,Es cercano al charismo,No es opositor,Tiene padrino político,Ha sido concejal,Ha ocupado cargos de elección o libre nombramiento,No ha estado en más de un partido,No tiene maquinaria propia,Hombre,No es cabeza de lista,"Concejal desde 2008. Hace campaña para ganar un tercer periodo consecutivo con el aval del partido Conservador. Fue víctima de un atentando a bala en abril de 2013, que le costó la vida a su escolta. Aunque estuvo varias semanas en una unidad de cuidados intensivos con una bala alojada en su cabeza, logró recuperarse satisfactoriamente y volver meses después al Concejo. Todavía se desconcen los motivos y autores de ese atentado, al igual que las amenazas de muerte de las que fue víctima el semestre pasado. Antes había sido noticia porque la Policía le inmovilizó su carro al sorprenderlo manejando borracho. Sin embargo, la misma Policía después se retractó diciendo que lo que Vergara había tomado fue una ""bebida oscura"". También mojó prensa porque estuvo a punto de irse a los golpes con otro concejal durante un debate. ",http://lasillavacia.com/archivos/historias/concejobquilla/18.jpg
8,Elvis José Beleño,Conservador,No es cercano al charismo,No es opositor,Tiene padrino político,Ha sido concejal,Ha ocupado cargos de elección o libre nombramiento,Ha estado en más de un partido,No tiene maquinaria propia,Hombre,No es cabeza de lista,"Este abogado, magíster en políticas públicas de la Universidad Externado de Colombia, fue concejal entre 2008-2011 y aspira a regresar al Concejo con los votos que le ponga la aceitada máquina del cacique godo Roberto Gerlein. Fue junto a Roberto 'Tico' Rosanía y el actual concejal Juan Ospino uno de los tres pelícanos que sacó en octubre de 2007 la administración del entonces alcalde Guillermo Hoenigsberg. En Barranquilla se les llamó ‘pelicanos’ a los exmilitantes del Movimiento Ciudadano, que tuvo como cabeza representantiva al exmandatario Bernardo Hoyos Montoya. Hizo parte del gabinete de Guillermo Hoenigsberg como secretario de Gestión Social. ",http://lasillavacia.com/archivos/historias/concejobquilla/19.jpg
5,Alberto Julio Borelly Borelly ,Conservador,Es cercano al charismo,No es opositor,Tiene padrino político,No ha sido concejal,Ha ocupado cargos de elección o libre nombramiento,No ha estado en más de un partido,No tiene maquinaria propia,Hombre,No es cabeza de lista,"Este exdirector de la autoridad ambiental de Barranquilla (Damab) y exsecretario general del gobernador del Atlántico Rodolfo Espinosa busca llegar al Concejo, por primera vez, como parte del grupo de candidatos inscritos por el grupo del senador Roberto Gerlein. De este último es yerno.",http://lasillavacia.com/archivos/historias/concejobquilla/20.jpg
21,Rubén Marino Borge,Conservador,Es cercano al charismo,No es opositor,Tiene padrino político,Ha sido concejal,Ha ocupado cargos de elección o libre nombramiento,Ha estado en más de un partido,No tiene maquinaria propia,Hombre,No es cabeza de lista,"Este concejal del grupo político del senador Efraín Cepeda, tras haber militado por años en la misma orilla que el senador Roberto Gerlein, va por cuatro años en el Concejo, en el que está desde 2001. Ingresó el 31 de octubre de 2006 en reemplazo del concejal Alejandro Munárriz, destituido por la Procuraduría. En 2012 denunció amenazas de muerte en su contra. Militó en el desaparecido Movimiento Nacional Progresista.",http://lasillavacia.com/archivos/historias/concejobquilla/21.jpg
2,Eugenio Díaz,Liberal,Es cercano al charismo,No es opositor,Tiene padrino político,Ha sido concejal,Ha ocupado cargos de elección o libre nombramiento,Ha estado en más de un partido,No tiene maquinaria propia,Hombre,No es cabeza de lista,"Este concejal busca mantener su curul cuatro años más con el apoyo del representante a la Cámara liberal Mauricio Gómez. Ha estado en el concejo, de manera intermitente, desde 1993. En el actual periodo se ha caracterizado por apoyar las propuestas del Distrito, especialmente el cobro de la Valorización. También ha sido candidato al Senado. Antes militó en el extinto movimiento Voluntad Popular, creado por el exsenador Fuad Char.",http://lasillavacia.com/archivos/historias/concejobquilla/22.jpg
3,Máximo Acuña Díaz,Liberal,Es cercano al charismo,No es opositor,No tiene padrino político,Ha sido concejal,Ha ocupado cargos de elección o libre nombramiento,No ha estado en más de un partido,No tiene maquinaria propia,Hombre,No es cabeza de lista,"Este concejal es hermano del senador conservador Laureano el 'Gato volador' Acuña Díaz, con quien se ha mantenido políticamente distante. En las legislativas pasadas aseguró que no apoyaría la candidatura del 'Gato volador' al Senado. Este es su primer periodo como concejal, tras sacar siete mil votos con el aval del Movimiento de Inclusión y Oportunidades (MIO). Como ese partido perdió la personería jurídica, aspirará a un segundo periodo consecutivo con el aval del partido Liberal. Antes de llegar al Concejo fue boxeador profesional.",http://lasillavacia.com/archivos/historias/concejobquilla/23.jpg
4,Lao Herrera Iranzo,Liberal,Es cercano al charismo,No es opositor,Tiene padrino político,Ha sido concejal,Ha ocupado cargos de elección o libre nombramiento,No ha estado en más de un partido,No tiene maquinaria propia,Hombre,No es cabeza de lista,"Este periodista llegó al Concejo en 2013 en reemplazo de Mauricio Gómez Amín, quien renunció a su curul para lanzarse al Congreso (hoy es el único representante liberal del Atlántico) y es hoy su padrino político. Desde que se posesionó su credencial  ha sido cuestionada porque 10 meses antes de las elecciones de 2011 firmó un contrato con fines publicitarios con la Secretaría de Movilidad, pero éste fue anulado y no alcanzó a ejecutarse. Aunque el Consejo de Estado había sentenciado en 2014 que no había inhabilidad, en un nuevo fallo de este año ese tribunal asegura que Herrera Iranzo sí incurrió en inhabilidad y ordenó la pérdida de su investidura. Los recursos que interpuso en contra de esa decisión lo mantienen hoy como concejal. Es hermano del candidato a la Alcaldía de Soledad Joao Herrera Iranzo, avalado por Cambio Radical, y tío del secretario de Recreación y Deportes de la administración de Elsa Noguera, Joao Herrera Olaya.",http://lasillavacia.com/archivos/historias/concejobquilla/24.jpg
5,María Luisa Pulgar,Liberal,Es cercano al charismo,No es opositor,Tiene padrino político,No ha sido concejal,No ha ocupado cargos públicos,No ha estado en más de un partido,No tiene maquinaria propia,Mujer,No es cabeza de lista,"Esta abogada es hermana del exconcejal y actual senador de La U Eduardo Pulgar (su padrino político) y del diputado del Atlántico Yesid Pulgar, también avalado por La U. Su inscripción como candidata al concejo por el partido Liberal no cayó bien en las bases del trapo rojo por no ser militante de esa colectividad. Su candidatura es vista como el regreso de su hermano Pulgar al Concejo, quien fue destituido por la Procuraduría en 2007 e inhabilitado a 18 años para el ejercicio de cargos públicos por irregularidades en un millonario cobro, vía tutela, de las prestaciones sociales y sueldos de más de un centenar de personas que supuestamente laboraron en el Concejo y la Personería de Barranquilla. A Pulgar esa sanción le fue revocada el año pasado por el procurador Alejandro Ordóñez. Antes de lanzarse a la política, María Luisa había trabajado como asesora legal de la Corporación Autónoma Regional del Atlántico (CRA). ",http://lasillavacia.com/archivos/historias/concejobquilla/25.jpg
7,Ernesto Aguilar,Liberal,Es cercano al charismo,No es opositor,Tiene padrino político,No ha sido concejal,No ha ocupado cargos públicos,No ha estado en más de un partido,No tiene maquinaria propia,Hombre,No es cabeza de lista,"Es hijo de Francisco Aguilar, considerado el mentor de varios de los dirigentes atlanticenses y secretario de Hacienda Distrital durante la administración de Humberto Caiafa. A él se le considera el padrino político de su hijo Ernesto Aguilar, un politólogo, egresado de la Universidad del Norte, de 31 años. Él y sus papá son cercanos al exgobernador y actual candidato a la Gobernación del Atlántico Eduardo Verano y al senador Álvaro Ashton. Su candidatura es una de las principales apuestas del partido y es vendida como una propuesta fresca con la que los rojos buscan inyectarle sangre joven al Concejo de Barranquilla.",http://lasillavacia.com/archivos/historias/concejobquilla/26.jpg
13,Miller Soto Solano,Liberal,Es cercano al charismo,No es opositor,No tiene padrino político,Ha sido concejal,Ha ocupado cargos de elección o libre nombramiento,No ha estado en más de un partido,No tiene maquinaria propia,Hombre,No es cabeza de lista,"Este abogado y catedrático estuvo en el Concejo de Barranquilla entre 1995 y 2003. Es hijo del exalcalde del municipio guajiro de Barrancas José Soto Berardinelly. Fue uno de los concejales a los que la Procuraduría sancionó en 2007 por las irregularidades detectadas en el millonario cobro mediante acción de tutela de las prestaciones sociales y sueldos de más de un centenar de personas que supuestamente laboraron en el Concejo y la Personería de Barranquilla. Su nombre sonó el año pasado como uno de los posibles candidatos de las elecciones atípicas para elegir al gobernador de La Guajira tras la detención de Juan Francisco 'Kiko' Gómez. Pero, no se inscribió. Quedó en silla de ruedas a la edad de 15 años, después de haber sido baleado en un intento de secuesto.
",http://lasillavacia.com/archivos/historias/concejobquilla/27.jpg
21,Ramón Ignacio Carbó,Liberal,Es cercano al charismo,No es opositor,Tiene padrino político,Ha sido concejal,Ha ocupado cargos de elección o libre nombramiento,Ha estado en más de un partido,No tiene maquinaria propia,Hombre,No es cabeza de lista,"Este exconcejal se lanza en esta ocasión al Concejo con el aval del partido Liberal, colectividad en la que tiene el apoyo del gobernador del Atlántico José Antonio Segebre. En 2010 fue candidato a la Cámara de Representantes con el aval de Cambio Radical, pero los casi 11 mil votos que sacó no le alcanzaron. Antes, en 1998, lo había intentado con el aval del partido Oxígeno de la ex candidata presidencial Ingrid Betancourt. Trabajó como director de Indeportes Atlántico durante la actual administración del gobernador José Antonio Segebre. Su paso por el Concejo es recordado por haber denunciado las concesiones de alumbrado público, malla vial, semaforización y el recaudo de impuestos a través de la empresa Métodos y Sistemas. Criticó a la líder religiosa María Luisa Piraquive al prohibir que las personas con discapacidad motora, como él, subieran al púlpito a predicar.",http://lasillavacia.com/archivos/historias/concejobquilla/28.jpg
2,Néstar Franco de Ferrer,Polo Democrático,No es cercano al charismo,Es opositor al charismo,No tiene padrino político,No ha sido concejal,No ha ocupado cargos públicos,No ha estado en más de un partido,No tiene maquinaria propia,Mujer,No es cabeza de lista,Exdiputada y excandidata a la Cámara de Representantes del Atlántico por el Polo Democrático. Antes de lanzarse a la arena política fue maestra durante décadas en el Atlántico y su lucha por la educación y las condiciones laborales de los maestros la hicieron sobresalir como una líder sindical del magisterio atlanticense. Su nombre apareció en 2010 en un panfleto firmado por el grupo paramilitar Aguilas Negras.,http://lasillavacia.com/archivos/historias/concejobquilla/29.jpg
10,Antonio Bohórquez,Polo Democrático,No es cercano al charismo,Es opositor al charismo,No tiene padrino político,No ha sido concejal,Ha ocupado cargos de elección o libre nombramiento,Ha estado en más de un partido,No tiene maquinaria propia,Hombre,No es cabeza de lista,"Este abogado y excandidato a la Alcaldía de Barranquilla es reconocido por ejercer control político a los gobernantes de turno. Desde que el charismo llegó al poder en Barranquilla ha sido uno de los principales opositores de los dos cobros de Valorización, de hecho demandó ambas contribuciones. Hoy es una de las grandes apuestas del Polo para ampliar su oposición en el Concejo al proyecto político de la casa Char, que tiene asegurados cuatro años más en la Alcaldía. Fue asesor y secretario general de la Alcaldía de Edgar George y gerente del Banco Inmobiliario durante la administración de Guillermo Hoenisgberg. Militó en el Movimiento Ciudadano del exalcalde Bernardo Hoyos Montoya.",http://lasillavacia.com/archivos/historias/concejobquilla/30.jpg
2,Luis Zapata Donado,La U,Es cercano al charismo,No es opositor,Tiene padrino político,Ha sido concejal,Ha ocupado cargos de elección o libre nombramiento,Ha estado en más de un partido,No tiene maquinaria propia,Hombre,No es cabeza de lista,"Este concejal es dueño de una de las 21 curules del Concejo de Barranquilla desde 1991. Va por su octavo periodo consecutivo con el respaldo del senador José Name Cardozo. Es abogado de la Universidad del Atlántico, profesión que ejerce desde 1973. Antes de ser concejal fue jefe de la Oficina Jurídica del Fondo Rotatorio de Valorización Municipal, asesor Jurídico de la Empresa Municipal de Teléfonos de Barranquilla, director Regional en el Atlántico del Instituto Nacional del Transporte Intra.",http://lasillavacia.com/archivos/historias/concejobquilla/31.jpg
7,Ester Molinares,La U,Es cercano al charismo,No es opositor,Tiene padrino político,Ha sido concejal,Ha ocupado cargos de elección o libre nombramiento,No ha estado en más de un partido,No tiene maquinaria propia,Mujer,No es cabeza de lista,"Esta abogada y concejal desde 2008 va por un periodo más en el Concejo con el respaldo del senador José Name Cardozo. Es cristiana y su candidatura es respaldada por varias iglesias protestantes de Barranquilla. Justamente sus creencias han sido objeto de polémica porque la comunidad Lgbti asegura que suele discriminarlos en los debates que competen a los miembros de esa comunidad. La Fundación Caribe Afirmativo se quejó en 2012 por los términos en que la concejal se dirigió a los homosexuales, especialmente tras la discusión del Plan de Desarrollo del Distrito que incluía un programa de promoción de la convivencia, el respeto y el reconocimiento de la población Lgbti.",http://lasillavacia.com/archivos/historias/concejobquilla/32.jpg
9,Jesús María Audivet,Conservador,Es cercano al charismo,No es opositor,Tiene padrino político,Ha sido concejal,Ha ocupado cargos de elección o libre nombramiento,Ha estado en más de un partido,No tiene maquinaria propia,Hombre,No es cabeza de lista,"Actual concejal por el extinto Movimiento de Inclusión y Oportunidades (MIO), que busca reelegirse con el aval conservador y el apoyo del senador Laureano el 'Gato volador' Acuña. Antes de ocupar una curul en el Concejo fue asesor de esa entidad. También es recordada las tutelas que interpuso en contra del exalcalde Bernardo Hoyos por negarse a pagar salarios de los trabajadores de la Contraloría y la Personería.",http://lasillavacia.com/archivos/historias/concejobquilla/34.jpg
3,Oswaldo Díaz,Cambio Radical,Es cercano al charismo,No es opositor,No tiene padrino político,Ha sido concejal,Ha ocupado cargos de elección o libre nombramiento,Ha estado en más de un partido,No tiene maquinaria propia,Hombre,No es cabeza de lista,"Este médico pedriata es actualmente concejal. En esa corporación ha estado durante cuatro periodos consecutivos desde 2001 y va por cuatro años más. Siempre ha sido charista y comenzó en esta corporación con el padrinazgo del exrepresentante a la Cámara Tarquino Pacheco. Militó en el Partido Liberal.  Es recordado por una bochornosa discusión que protagonizó en 2012 durante un debate del Concejo: casi se va a los golpes con otro concejal e irrespetó al entonces presidente del Concejo Alfredo Varela. El año pasado volvió a ser noticia por un cruce de palabras que tuvo en tono airado con la secretaria de Salud Alma Solano. La Fiscalía y la Procuraduría lo vincularon en una investigación por el desangre a la salud en Barranquilla, desde la Red Hospitalaria Redehospital, entidad liquidada durante la administración de Alejandro Char.",http://lasillavacia.com/archivos/historias/concejobquilla/35_.jpg
2,Carlos Hernández Carrillo,Cambio Radical,Es cercano al charismo,No es opositor,No tiene padrino político,Ha sido concejal,Ha ocupado cargos de elección o libre nombramiento,Ha estado en más de un partido,Tiene maquinaria propia,Hombre,No es cabeza de lista,"Este concejal llegó a esta corporación en 1995 y este 25 de octubre espera asegurar su séptimo periodo. Estudió Ingeniería Industrial en la Universidad del Norte y ha cursado estudios en administración pública y contratación administrativa. Desde que llegó al concejo ha integrado la mesa directiva del Concejo. Entre los proyectos de los que ha sido ponente están la creación del operador del sistema masivo Tansmetro S.A. y la contribución por Valorización, esta última criticada desde los sectores de izquierda de la ciudad.",http://lasillavacia.com/archivos/historias/concejobquilla/36.jpg
5,José Francisco Trocha Gómez,Cambio Radical,Es cercano al charismo,No es opositor,No tiene padrino político,Ha sido concejal,Ha ocupado cargos de elección o libre nombramiento,Ha estado en más de un partido,No tiene maquinaria propia,Hombre,No es cabeza de lista,"Entró al Concejo en reemplazo del exconcejal Aissar Castro, a quien el Concejo de Estado le declaró la pérdida de investidura por haber firmado un contrato un año antes de inscribirse al Concejo. En 2011, Trocha obtuvo 3.175 votos por el Partido Cambio Radical. Además, se destacó antes en las juventudes del Partido Liberal. Es abogado egresado de la Universidad del Atlántico. Se desempeñó como subgerente comercial del Noticiero Televista. ",http://lasillavacia.com/archivos/historias/concejobquilla/37.jpg
6,Orlando Manuel Charris,Cambio Radical,Es cercano al charismo,No es opositor,No tiene padrino político,Ha sido concejal,Ha ocupado cargos de elección o libre nombramiento,Ha estado en más de un partido,No tiene maquinaria propia,Hombre,No es cabeza de lista,"Llegó al concejo después de que Alfredo Varela renunció a su curul el año pasado, para aspirar a la Gobernación del Atlántico. Es la primera vez que ocupa un cargo de elección popular, pues siempre ha trabajado en el sector privado. Inició su vida política en el extinto Voluntad Popular del exsenador Fuad Char. En el año 2000, se lanzó al Concejo obteniendo 2.900 votos, pero la votación no le alcanzó. Tiene 43 años y es administrador de empresas de la Universidad Autónoma del Caribe.
",http://lasillavacia.com/archivos/historias/concejobquilla/38.jpg
2,John Fredy Vecino Duarte,Centro Democrático,No es cercano al charismo,No es opositor,Tiene padrino político,No ha sido concejal,No ha ocupado cargos públicos,No ha estado en más de un partido,No tiene maquinaria propia,Hombre,No es cabeza de lista,"Con esta campaña este joven del gremio de los comerciantes incursiona en la política. Es empresario, comerciante e ingeniero industrial egresado de la Universidad Autónoma del Caribe. Entre sus propuestas está apuntarle a la educación, el empleo, la salud y los servicios públicos. Es una de las principales apuestas del Centro Democrático al Concejo de Barranquilla.  Sus votos están entre los asociados a la Unión Nacional de Comerciantes (Undeco). Tiene el respaldo del senador uribista Jaime Amín.
",http://lasillavacia.com/archivos/historias/concejobquilla/39.jpg